id,name,s2006e2021bao,s2006e2021bah,s2006e2021bal,s2006e2021yrs
0050,元大台灣50,8.6,8.2,9.1,16
0051,元大中型100,5.8,5.3,6.4,16
0052,富邦科技,10.1,9.6,10.7,16
0053,元大電子,7.9,7.3,8.7,15
0054,元大台商50,4.2,3.6,4.9,15
0055,元大MSCI金融,3.0,2.5,3.8,15
0056,元大高股息,5.5,5.1,6.1,15
0057,富邦摩台,7.6,7.1,8.3,14
0058,富邦發達,4.4,3.8,5.0,12
0059,富邦金融,4.6,3.9,5.6,12
0061,元大寶滬深,2.0,1.4,2.6,13
006201,元大富櫃50,3.1,2.4,3.8,11
006203,元大MSCI台灣,9.3,8.9,9.7,11
006204,永豐臺灣加權,9.3,8.9,9.5,11
006205,富邦上証,5.2,4.6,5.6,11
006206,元大上證50,7.3,6.7,7.8,10
006207,FH滬深,6.5,5.9,7.0,10
006208,富邦台50,12.2,11.7,12.5,10
00625K,富邦上証+R,6.8,6.1,7.1,6
00631L,元大台灣50正2,23.0,22.0,23.9,8
00632R,元大台灣50反1,-11.7,-12.0,-10.7,8
00633L,富邦上証正2,7.0,5.7,8.8,8
00634R,富邦上証反1,-12.0,-12.7,-10.7,8
00635U,元大S&P黃金,2.2,1.7,2.5,7
00636,國泰中國A50,5.9,5.2,6.7,7
00636K,國泰中國A50+U,7.0,6.2,7.7,5
00637L,元大滬深300正2,4.8,3.2,7.0,7
00638R,元大滬深300反1,-10.7,-11.3,65.7,7
00639,富邦深100,2.0,0.9,3.2,7
00640L,富邦日本正2,5.7,4.9,7.2,7
00641R,富邦日本反1,-7.7,-8.2,-7.0,7
00642U,元大S&P石油,-6.9,-7.7,-5.4,7
00643,群益深証中小,-0.1,-0.9,0.8,7
00643K,群益深証中小+R,3.8,3.2,4.4,6
00645,富邦日本,3.5,3.1,4.1,7
00646,元大S&P500,7.6,7.2,8.0,7
00647L,元大S&P500正2,14.7,14.0,15.5,7
00648R,元大S&P500反1,-10.7,-11.1,-9.8,7
00649,FH香港,8.5,7.6,8.7,4
00650L,FH香港正2,10.4,9.4,11.1,6
00651R,FH香港反1,-9.6,-10.3,-8.7,6
00652,富邦印度,4.2,3.7,4.8,6
00653L,富邦印度正2,8.6,7.8,9.7,6
00654R,富邦印度反1,-9.6,-10.1,-8.8,6
00655L,國泰中國A50正2,14.5,13.2,15.5,6
00656R,國泰中國A50反1,-13.0,-13.4,-11.5,6
00657,國泰日經225,9.3,8.7,9.8,6
00657K,國泰日經225+U,7.2,6.6,7.8,5
00658L,國泰日本正2,11.1,10.2,11.8,5
00659R,國泰日本反1,-9.1,-9.4,-8.1,5
00660,元大歐洲50,5.9,5.5,6.4,6
00661,元大日經225,9.7,9.2,10.2,6
00662,富邦NASDAQ,15.1,14.3,15.4,6
00663L,國泰臺灣加權正2,28.3,27.2,28.9,6
00664R,國泰臺灣加權反1,-14.2,-14.6,-13.1,6
00665L,富邦琤肭磪囓2,2.9,2.0,3.7,6
00666R,富邦琤肭磪齯1,-7.6,-8.2,-6.8,6
00668,國泰美國道瓊,7.1,6.7,7.6,6
00668K,國泰美國道瓊+U,7.2,6.7,7.8,5
00669R,國泰美國道瓊反1,-11.4,-11.9,-10.5,6
00670L,富邦NASDAQ正2,30.8,29.3,31.6,5
00671R,富邦NASDAQ反1,-18.0,-18.3,-16.3,5
00672L,元大S&P原油正2,-48.0,-48.6,-36.5,5
00673R,元大S&P原油反1,0.1,-1.2,1.2,6
00674R,元大S&P黃金反1,-5.3,-5.7,-4.7,6
00675L,富邦臺灣加權正2,25.9,24.8,26.7,6
00676R,富邦臺灣加權反1,-13.4,-13.7,-12.4,6
00677U,富邦VIX,-23.7,-26.7,-19.8,6
00678,群益NBI生技,6.7,5.9,7.0,5
00679B,元大美債20年,0.3,-0.1,0.6,5
00680L,元大美債20正2,1.4,0.7,2.1,5
00681R,元大美債20反1,-5.2,-5.5,-4.5,5
00682U,元大美元指數,-1.2,-1.4,-1.0,5
00683L,元大美元指數正2,-2.1,-2.5,-1.6,5
00684R,元大美元指數反1,-0.8,-1.0,-0.5,5
00685L,群益臺灣加權正2,28.9,27.6,29.9,5
00686R,群益臺灣加權反1,-14.6,-15.0,-13.5,5
00687B,國泰20年美債,0.7,0.3,1.0,5
00688L,國泰20年美債正2,0.9,0.2,1.5,5
00689R,國泰20年美債反1,-4.1,-4.4,-3.5,5
00690,兆豐藍籌30,12.3,11.6,12.7,5
00691R,兆豐藍籌30反一,-14.2,-14.6,-13.1,4
00692,富邦公司治理,13.8,13.2,14.3,5
00693U,街口S&P黃豆,1.9,1.4,2.6,5
00694B,富邦美債1-3年,-1.3,-1.4,-1.1,5
00695B,富邦美債7-10年,-1.1,-1.3,-0.9,5
00696B,富邦美債20年,0.4,0.0,0.7,5
00697B,元大美債7-10,-0.0,-0.2,0.1,5
00700,富邦恆生國企,0.7,0.2,1.2,5
00701,國泰股利精選30,4.4,4.1,4.9,5
00702,國泰標普低波高息,-0.2,-0.4,0.5,5
00703,台新MSCI中國,5.2,4.3,5.7,5
00706L,元大S&P日圓正2,-3.6,-3.9,-3.2,5
00707R,元大S&P日圓反1,-0.1,-0.3,0.4,5
00708L,元大S&P黃金正2,3.9,3.0,4.7,5
00709,富邦歐洲,2.4,2.0,3.1,5
00710B,FH彭博高收益債,1.6,1.4,1.9,5
00711B,FH彭博新興債,2.5,2.3,2.9,5
00712,FH富時不動產,-3.7,-4.0,-2.2,5
00713,元大台灣高息低波,6.4,6.0,6.8,5
00714,群益道瓊美國地產,0.9,0.5,1.5,5
00715L,街口S&P布蘭特油正2,-18.0,-19.9,-13.3,5
00716R,華頓S&P布蘭特反1,-6.1,-6.4,-4.6,3
00717,富邦美國特別股,-1.3,-1.5,-0.8,5
00718B,富邦中國政策債,-0.3,-0.5,-0.2,4
00719B,元大美債1-3,0.7,0.5,0.8,4
00720B,元大投資級公司債,2.4,2.1,2.9,4
00721B,元大中國債3-5,-0.1,-0.2,0.1,4
00722B,群益15年IG電信債,1.9,1.6,2.3,5
00723B,群益15年IG科技債,0.3,0.0,0.7,5
00724B,群益10年IG金融債,0.6,0.3,1.1,5
00725B,國泰投資級公司債,1.6,1.2,2.1,4
00726B,國泰5Y+新興債,1.1,0.8,1.5,4
00727B,國泰1-5Y高收債,-0.9,-1.1,-0.6,4
00728,第一金工業30,12.8,12.1,13.7,4
00730,富邦臺灣優質高息,3.3,3.0,4.0,4
00731,FH富時高息低波,5.2,4.8,5.7,4
00732,國泰RMB短期報酬,0.1,-0.0,0.2,4
00733,富邦臺灣中小,11.1,10.2,12.2,4
00734B,台新JPM新興債,-1.1,-1.3,-0.3,4
00735,國泰臺韓科技,16.0,15.1,16.9,4
00736,國泰新興市場,5.3,4.9,6.1,4
00737,國泰AI+ROBO,14.4,13.3,15.3,4
00738U,元大道瓊白銀,7.0,6.2,8.2,4
00739,元大MSCI,9.8,9.0,10.4,4
00740B,富邦全球投等債,3.1,2.7,3.5,4
00741B,富邦全球高收債,-0.9,-1.1,-0.5,4
00742,新光內需收益,4.2,3.8,4.6,4
00743,國泰中國A150,9.8,9.0,10.4,4
00744B,國泰中國政金債5+,0.8,0.7,0.9,4
00745B,富邦中政債0-1,0.7,0.6,0.8,4
00746B,富邦A級公司債,1.9,1.5,2.3,4
00747B,FH中國政策債,0.6,0.4,0.7,4
00748B,凱基中國債3-10,0.8,0.7,0.9,4
00749B,凱基新興債10+,1.4,1.1,2.0,4
00750B,凱基科技債10+,1.5,1.2,1.9,4
00751B,元大AAA至A公司債,1.5,1.1,1.9,4
00752,中信中國50,11.5,10.6,11.9,4
00753L,中信中國50正2,16.0,14.6,17.0,4
00754B,群益AAA-AA公司債,2.4,1.9,2.7,4
00755B,群益15年IG公用債,1.4,1.1,1.8,4
00756B,群益15年EM主權債,2.2,1.8,2.6,4
00757,統一FANG+,24.8,23.5,25.5,4
00758B,FH能源債,-0.3,-0.6,0.3,4
00759B,FH製藥債,2.8,2.3,3.0,4
00760B,FH新興企業債,1.7,1.4,2.2,4
00761B,國泰A級公司債,2.5,2.1,2.9,4
00762,元大全球AI,22.0,20.8,22.6,3
00763U,街口道瓊銅,7.9,7.3,8.6,4
00764B,群益25年美債,0.6,0.0,0.8,4
00765B,群益中國政金債,0.2,0.1,0.2,4
00766L,台新MSCI中國正2,10.5,9.6,12.9,2
00767,FH美國金融股,-7.4,-8.0,-5.8,2
00768B,FH20年美債,2.9,2.2,3.2,3
00769B,FH中國信用債,0.3,0.1,0.4,2
00770,國泰北美科技,18.6,17.7,19.2,3
00771,元大US高息特別股,0.1,-0.1,1.2,3
00772B,中信高評級公司債,1.8,1.3,2.3,3
00773B,中信優先金融債,2.0,1.5,2.6,3
00774B,新光中國政金綠債,0.9,0.8,1.1,3
00774C,新光中政金綠債+R,4.6,4.5,4.9,2
00775B,新光投等債15+,2.2,1.7,2.7,3
00776,新光ICE美國權值,2.6,2.1,3.6,2
00777B,凱基AAA至A公司債,1.2,0.7,1.7,3
00778B,凱基金融債20+,2.0,1.5,2.7,3
00779B,凱基美債25+,0.7,-0.1,0.9,3
00780B,國泰A級金融債,0.7,0.4,1.0,3
00781B,國泰A級科技債,0.8,0.3,1.2,3
00782B,國泰A級公用債,1.0,0.4,1.3,3
00783,富邦中証500,2.9,2.3,3.5,3
00784B,富邦中國投等債,-1.3,-1.5,-1.1,3
00785B,富邦金融投等債,1.5,1.1,2.1,3
00786B,元大10年IG銀行債,0.7,0.3,1.4,3
00787B,元大10年IG醫療債,1.6,1.1,2.0,3
00788B,元大10年IG電能債,0.0,-0.4,0.6,3
00789B,FH公司債A3,1.3,0.9,1.8,3
00790B,FH次順位IG金融債,1.3,0.9,1.8,3
00791B,FH美元信用債1-5Y,-1.3,-1.5,-1.1,3
00792B,群益A級公司債,0.7,0.2,1.2,3
00793B,群益AAA-A醫療債,0.6,0.1,1.0,3
00794B,群益7+中國政金債,-0.2,-0.4,-0.1,3
00795B,中信美國公債20年,-0.1,-0.8,0.1,3
00796B,中信中國債7-10,-0.3,-0.4,-0.2,3
00797B,中信中國美元IG債,1.7,1.2,1.8,2
00798B,國泰中企A級債7+,3.4,2.8,3.5,2
00799B,國泰A級醫療債,1.1,0.6,1.4,3
008201,BP上證50,3.3,2.6,4.6,12
00830,國泰費城半導體,17.9,16.9,19.1,3
00831B,新光美債1-3,-2.0,-2.1,-1.8,3
00832B,新光美債20+,0.4,-0.3,0.6,3
00833B,第一金美債20+,4.7,3.7,4.7,2
00834B,第一金金融債10+,0.9,0.4,1.4,3
00835B,第一金科技債10+,6.3,5.6,6.8,2
00836B,永豐10年A公司債,-1.4,-1.8,-0.8,3
00837B,永豐15年金融債,-3.0,-3.8,-2.1,2
00838B,永豐7-10年中國債,-0.8,-0.9,-0.6,3
00839B,凱基醫療保健債,0.3,-0.1,0.7,3
00840B,凱基IG精選15+,-1.3,-1.6,-0.7,3
00841B,凱基AAA-AA公司債,-1.2,-1.6,-0.7,3
00842B,台新美元銀行債,-0.4,-0.7,0.3,3
00843B,台新中國政策債,-0.5,-0.6,-0.4,3
00844B,新光15年IG金融債,-1.0,-1.4,-0.4,3
00845B,富邦新興投等債,-2.1,-2.2,-1.6,3
00846B,富邦歐洲銀行債,-1.5,-1.7,-1.1,3
00847B,中信美國市政債,-4.5,-5.0,-4.2,3
00848B,中信新興亞洲債,-1.5,-1.7,-1.1,3
00849B,中信EM主權債0-5,-1.9,-1.9,-1.7,3
00850,元大臺灣ESG永續,18.0,17.2,18.7,3
00851,台新全球AI,12.8,12.0,13.5,3
00852L,國泰美國道瓊正2,7.5,6.9,10.4,3
00853B,統一美債10年Aa-A,-4.8,-5.1,-4.2,3
00854B,富邦全球保險債,2.6,2.2,3.2,2
00855B,富邦全球能源債,-1.6,-1.8,-0.6,2
00856B,永豐1-3年美公債,-2.0,-2.3,-1.8,3
00857B,永豐20年美公債,-3.5,-4.0,-3.2,3
00858,永豐美國500大,7.0,6.5,7.7,3
00859B,群益0-1年美債,-2.4,-2.4,-2.2,3
00860B,群益1-5年IG債,-1.4,-1.5,-1.2,3
00861,元大全球未來通訊,9.4,8.9,10.2,3
00862B,中信投資級公司債,-1.6,-1.8,-1.0,3
00863B,中信全球電信債,-1.6,-1.8,-0.2,3
00864B,中信美國公債0-1,-1.8,-1.9,-1.7,3
00865B,國泰US短期公債,-1.9,-2.0,-1.7,3
00866,新光SHILLER,2.9,2.7,3.8,3
00867B,新光A-BBB電信債,-1.6,-1.9,-1.2,3
00868B,FT1-3年美公債,-2.0,-2.1,-1.9,3
00869B,FT10-25年公司債,-1.8,-2.0,-1.3,3
00870B,元大15年EM主權債,-2.5,-2.8,-1.6,2
00871B,元大中國政金債,-0.8,-0.9,-0.7,2
00872B,凱基美債1-3,-1.6,-1.8,-1.5,2
00873B,凱基新興債1-5,-2.7,-2.7,-2.4,2
00874B,凱基BBB公司債15+,-1.2,-1.4,-0.4,2
00875,國泰網路資安,21.4,20.1,21.6,2
00876,元大未來關鍵科技,18.5,17.5,18.6,2
00877,FH中國5G,-12.8,-13.1,-11.9,2
00878,國泰永續高股息,9.5,9.0,9.7,2
00879B,第一金美債0-1,-2.3,-2.4,-2.1,2
00880B,第一金電信債15+,-6.0,-6.1,-5.7,2
00881,國泰台灣5G+,7.5,7.0,7.6,2
00882,中信中國高股息,6.0,5.6,6.1,1
00883B,,,,,
00884B,,,,,
1101,台泥,8.5,8.0,9.0,16
1102,亞泥,10.6,10.2,10.9,16
1103,嘉泥,4.7,4.1,5.4,16
1104,環泥,8.0,7.4,8.3,16
1108,幸福,5.3,4.7,5.9,16
1109,信大,7.7,7.2,8.1,16
1110,東泥,5.1,4.6,5.5,16
1111,,,,,
1115,,,,,
1201,味全,4.5,4.0,5.0,16
1203,味王,10.0,9.4,10.3,16
1210,大成,16.6,16.2,16.9,16
1213,大飲,-0.0,-0.8,0.7,16
1215,卜蜂,21.4,20.9,21.7,16
1216,統一,14.0,13.6,14.2,16
1217,愛之味,1.2,0.6,1.9,16
1218,泰山,10.7,10.1,11.2,16
1219,福壽,10.1,9.6,10.4,16
1220,台榮,6.2,5.5,6.6,16
1225,福懋油,15.8,15.1,16.1,16
1227,佳格,17.0,16.5,17.2,16
1229,聯華,15.1,14.6,15.5,16
1231,聯華食,15.9,15.4,16.3,16
1232,大統益,17.5,17.1,17.6,16
1233,天仁,5.2,4.8,5.3,16
1234,黑松,9.7,9.1,10.0,16
1235,興泰,8.6,8.1,8.9,16
1236,宏亞,2.8,2.4,3.2,16
1237,,,,,
1240,茂生農經,4.7,3.6,6.1,4
1242,,,,,
1246,,,,,
1256,鮮活果汁-KY,24.5,23.4,25.1,10
1258,其祥-KY,-5.5,-6.1,-4.2,11
1259,安心,-1.9,-2.3,-1.1,11
1260,,,,,
1262,綠悅-KY,-14.7,-15.5,-11.3,6
1264,德麥,8.3,7.7,8.8,7
1267,,,,,
1268,漢來美食,-0.1,-0.4,0.9,5
1269,,,,,
1271,,,,,
1293,,,,,
1301,台塑,8.1,7.7,8.4,16
1303,南亞,6.9,6.4,7.3,16
1304,台聚,10.4,9.9,10.9,16
1305,華夏,11.6,10.8,12.6,16
1307,三芳,5.7,5.2,6.1,16
1308,亞聚,10.3,9.8,10.8,16
1309,台達化,12.3,11.4,13.1,16
1310,台苯,5.2,4.3,6.2,16
1312,國喬,8.6,7.7,9.5,16
1313,聯成,7.8,7.2,8.5,16
1314,中石化,4.1,3.4,4.8,16
1315,達新,14.4,13.9,14.7,16
1316,上曜,8.1,7.4,8.7,16
1319,東陽,3.1,2.1,4.3,16
1321,大洋,6.4,5.7,6.9,16
1323,永裕,12.0,11.4,12.4,16
1324,地球,3.4,2.8,3.9,16
1325,恆大,14.7,14.0,15.3,16
1326,台化,7.0,6.5,7.4,16
1328,,,,,
1333,恩得利,-11.4,-13.6,-9.1,15
1336,台翰,1.8,0.1,3.3,15
1337,再生-KY,-10.2,-11.5,-7.4,11
1338,廣華-KY,2.1,1.6,3.0,10
1339,昭輝,5.0,4.4,5.7,10
1340,勝悅-KY,-17.3,-17.9,-14.3,8
1341,富林-KY,4.7,4.0,5.6,4
1342,八貫,-5.1,-5.3,-4.6,2
1343,,,,,
1402,遠東新,5.8,5.4,6.3,16
1408,中紡,-11.8,-13.1,-7.3,1
1409,新纖,8.2,7.5,8.9,16
1410,南染,12.4,11.8,12.8,16
1413,宏洲,6.6,5.8,7.5,16
1414,東和,10.1,9.2,10.9,16
1416,廣豐,7.6,7.0,8.3,16
1417,嘉裕,5.1,4.3,5.8,16
1418,東華,3.5,2.5,4.6,16
1419,新紡,7.2,6.6,7.7,16
1423,利華,10.1,9.5,10.7,16
1432,大魯閣,13.5,12.5,14.4,16
1434,福懋,6.9,6.5,7.2,16
1435,中福,7.2,5.0,8.8,16
1436,華友聯,14.1,13.6,14.5,16
1437,勤益控,4.5,3.6,5.4,16
1438,三地開發,19.8,18.6,20.7,16
1439,中和,8.5,7.8,8.9,16
1440,南紡,7.4,6.7,8.0,16
1441,大東,9.2,8.5,9.7,16
1442,名軒,8.4,7.8,8.9,16
1443,立益,7.8,6.9,8.6,16
1444,力麗,9.2,8.6,9.8,16
1445,大宇,8.9,8.4,9.4,16
1446,宏和,13.6,13.1,13.9,16
1447,力鵬,4.8,4.0,5.6,16
1449,佳和,15.0,13.6,16.4,16
1451,年興,3.2,2.6,4.0,16
1452,宏益,10.1,9.5,10.6,16
1453,大將,6.4,5.8,7.4,16
1454,台富,4.9,4.4,5.4,16
1455,集盛,4.6,3.8,5.5,16
1456,怡華,13.9,12.9,14.9,16
1457,宜進,10.1,9.4,10.8,16
1459,聯發,3.4,2.8,4.0,16
1460,宏遠,2.8,2.2,3.6,16
1463,強盛,7.5,6.5,8.5,16
1464,得力,10.2,9.6,10.7,16
1465,偉全,7.6,7.1,7.9,16
1466,聚隆,9.8,9.0,10.3,16
1467,南緯,6.1,5.3,7.0,16
1468,昶和,0.9,0.2,1.5,16
1470,大統新創,9.1,8.6,9.4,16
1471,首利,-3.9,-6.1,-1.1,16
1472,三洋紡,3.2,2.2,4.2,16
1473,台南,-0.3,-1.0,0.4,16
1474,弘裕,5.4,4.6,6.1,16
1475,業旺,6.6,3.9,8.8,16
1476,儒鴻,28.1,27.5,28.6,16
1477,聚陽,15.5,14.9,16.0,16
1480,,,,,
1489,,,,,
1503,士電,5.7,5.3,6.1,16
1504,東元,9.4,8.9,9.8,16
1506,正道,-0.5,-1.0,-0.0,16
1507,永大,9.1,8.5,9.7,16
1512,瑞利,-2.4,-3.3,-1.1,16
1513,中興電,9.9,9.3,10.6,16
1514,亞力,11.9,11.2,12.5,16
1515,力山,17.2,15.8,18.4,16
1516,川飛,13.4,12.4,14.6,16
1517,利奇,8.0,7.3,8.6,16
1519,華城,12.4,11.8,12.8,16
1521,大億,7.9,7.1,8.7,16
1522,堤維西,3.9,3.0,4.7,16
1524,耿鼎,0.6,-0.2,1.6,16
1525,江申,10.9,10.2,11.5,16
1526,日馳,16.3,15.6,16.7,16
1527,鑽全,3.5,2.4,4.9,16
1528,恩德,2.6,2.0,3.3,16
1529,樂士,8.7,6.8,10.3,16
1530,亞崴,3.8,3.2,4.5,16
1531,高林股,1.0,0.3,1.9,16
1532,勤美,7.0,6.3,7.8,16
1533,車王電,9.0,7.9,10.0,16
1535,中宇,10.0,9.5,10.1,16
1536,和大,11.5,10.5,12.5,16
1537,廣隆,18.6,17.9,18.9,16
1538,正峰,-3.4,-4.8,-1.1,16
1539,巨庭,8.0,7.1,8.8,16
1540,喬福,6.3,5.9,6.7,16
1541,錩泰,13.3,12.2,14.0,16
1550,,,,,
1557,,,,,
1558,伸興,17.0,16.4,17.4,15
1560,中砂,3.9,2.8,5.2,16
1563,,,,,
1565,精華,11.6,11.2,11.8,16
1566,捷邦,-0.3,-1.7,1.5,9
1568,倉佑,3.9,2.8,5.6,8
1569,濱川,2.7,1.5,4.2,16
1570,力肯,0.7,-0.7,2.1,16
1580,新麥,13.6,13.2,14.0,15
1582,信錦,4.0,2.9,5.4,15
1583,程泰,5.6,4.7,6.3,14
1584,精剛,-3.3,-4.6,-1.6,15
1585,,,,,
1586,和勤,10.9,10.0,11.7,10
1587,吉茂,7.3,5.9,9.6,4
1589,永冠-KY,5.9,4.8,6.8,10
1590,亞德客-KY,19.1,18.1,19.9,12
1591,駿吉-KY,-2.7,-3.5,-1.6,10
1592,英瑞-KY,-23.9,-24.3,-20.5,8
1593,祺驊,20.7,19.9,21.1,10
1594,,,,,
1595,川寶,-0.5,-1.2,0.2,11
1597,直得,16.3,15.2,17.3,10
1598,岱宇,19.8,18.5,21.2,6
1599,宏佳騰,5.9,5.3,6.8,10
1602,,,,,
1603,華電,10.6,9.9,11.0,16
1604,聲寶,13.8,13.2,14.6,16
1605,華新,5.4,4.6,6.3,16
1606,歌林,-58.0,-58.6,-50.1,3
1608,華榮,7.1,6.4,7.7,16
1609,大亞,7.7,7.0,8.5,16
1611,中電,2.1,1.3,2.9,16
1612,宏泰,7.9,7.2,8.5,16
1613,台一,-0.7,-1.7,0.2,12
1614,三洋電,6.3,5.7,6.7,16
1615,大山,14.8,14.1,15.1,16
1616,億泰,-0.3,-1.3,0.7,16
1617,榮星,5.5,4.8,6.2,16
1618,合機,6.0,5.2,6.8,16
1619,,,,,
1626,艾美特-KY,-4.8,-6.6,-2.8,9
1701,中化,5.9,5.3,6.4,16
1702,南僑,14.6,13.9,15.1,16
1707,葡萄王,21.5,20.9,21.7,16
1708,東鹼,8.7,8.3,8.9,16
1709,和益,7.2,6.7,7.5,16
1710,東聯,3.3,2.8,4.0,16
1711,永光,5.7,5.1,6.3,16
1712,興農,11.6,11.0,11.8,16
1713,國化,6.6,6.0,7.2,16
1714,和桐,3.9,3.3,4.6,16
1715,萬洲,5.7,5.2,6.3,12
1716,永信藥品,11.8,10.7,12.4,5
1717,長興,8.3,7.8,8.9,16
1718,中纖,2.3,1.5,3.4,16
1720,生達,7.4,6.9,7.9,16
1721,三晃,3.8,3.1,4.4,16
1722,台肥,4.5,4.0,4.9,16
1723,中碳,9.4,9.0,9.6,16
1724,台硝,2.9,2.2,3.5,16
1725,元禎,6.7,6.3,7.1,16
1726,永記,7.1,6.6,7.4,16
1727,中華化,4.7,4.2,5.1,16
1730,花仙子,15.9,15.3,16.3,16
1731,美吾華,5.4,4.8,6.0,16
1732,毛寶,4.1,3.2,4.9,16
1733,五鼎,3.3,2.9,3.6,16
1734,杏輝,4.1,3.4,4.7,16
1735,日勝化,4.4,3.7,5.1,16
1736,喬山,4.3,3.1,6.0,16
1737,臺鹽,5.7,5.1,6.4,16
1739,,,,,
1740,,,,,
1742,台蠟,5.4,4.8,5.9,16
1743,,,,,
1745,,,,,
1752,南光,4.7,4.0,5.4,13
1760,寶齡富錦,8.3,6.7,9.5,4
1762,中化生,3.0,2.1,4.1,12
1763,,,,,
1764,,,,,
1765,,,,,
1766,,,,,
1767,,,,,
1769,,,,,
1770,,,,,
1773,勝一,20.4,19.9,20.7,13
1775,,,,,
1776,展宇,-0.4,-0.9,0.2,6
1777,生泰,10.7,10.1,11.0,16
1780,,,,,
1781,合世,1.1,-0.5,2.6,16
1783,和康生,-1.7,-3.0,0.0,9
1784,訊聯,-3.3,-4.7,-1.5,15
1785,光洋科,7.7,6.9,8.4,16
1786,科妍,-0.6,-1.5,0.9,9
1787,福盈科,6.9,5.9,7.9,14
1788,杏昌,4.8,4.0,5.6,13
1789,神隆,-2.4,-3.0,-1.6,11
1795,美時,7.2,6.3,8.2,12
1796,金穎生技,-7.4,-8.8,-5.5,4
1799,易威,1.8,0.9,2.7,14
1802,台玻,1.2,0.5,2.2,16
1805,寶徠,15.7,15.1,16.0,16
1806,冠軍,2.2,1.7,2.9,16
1808,潤隆,16.8,16.1,17.4,16
1809,中釉,4.5,3.8,5.2,16
1810,和成,2.7,2.0,3.3,16
1813,寶利徠,-1.7,-2.4,-0.9,13
1814,,,,,
1815,富喬,0.7,-0.6,2.2,16
1817,凱撒衛,3.5,3.0,4.2,9
1819,,,,,
1902,台紙,7.6,6.9,8.2,15
1903,士紙,5.0,4.2,5.7,16
1904,正隆,11.7,11.1,12.2,16
1905,華紙,2.8,2.2,3.6,16
1906,寶隆,10.0,9.3,10.6,16
1907,永豐餘,9.1,8.5,9.8,16
1909,榮成,10.2,9.5,10.8,16
2002,中鋼,4.5,4.2,4.9,16
2006,東和鋼鐵,9.5,9.0,9.9,16
2007,燁興,4.4,3.5,5.4,16
2008,高興昌,5.7,4.8,6.5,16
2009,第一銅,9.5,8.7,10.4,16
2010,春源,4.9,4.4,5.4,16
2012,春雨,8.4,7.9,8.7,16
2013,中鋼構,9.5,8.9,9.8,16
2014,中鴻,5.6,4.9,6.5,16
2015,豐興,10.7,10.3,11.0,16
2017,官田鋼,6.3,5.5,6.9,16
2020,美亞,6.4,5.9,6.9,16
2022,聚亨,1.6,0.9,2.4,16
2023,燁輝,4.8,4.3,5.3,16
2024,志聯,9.7,9.0,10.3,16
2025,千興,-3.1,-4.5,-1.3,16
2027,大成鋼,8.9,8.3,9.5,16
2028,威致,11.3,10.2,12.5,16
2029,盛餘,3.6,3.1,4.1,16
2030,彰源,3.4,2.7,4.1,16
2031,新光鋼,9.3,8.6,10.0,16
2032,新鋼,4.1,3.3,4.8,16
2033,佳大,4.8,4.3,5.4,16
2034,允強,9.9,9.4,10.4,16
2035,唐榮,2.3,1.8,2.9,16
2038,海光,2.8,1.8,4.0,14
2041,,,,,
2043,,,,,
2048,,,,,
2049,上銀,21.8,21.2,22.1,13
2056,,,,,
2059,川湖,5.5,4.8,6.4,15
2060,,,,,
2061,風青,5.2,4.1,6.4,12
2062,橋椿,0.2,-0.5,1.3,15
2063,世鎧,3.1,2.4,4.0,12
2064,晉椿,-0.2,-0.6,0.7,8
2065,世豐,8.6,7.6,9.1,5
2066,世德,-5.1,-5.6,-4.1,9
2067,嘉鋼,-6.6,-7.7,-5.1,8
2068,,,,,
2069,運錩,0.3,-0.2,1.4,6
2070,精湛,-11.0,-11.6,-9.2,4
2071,,,,,
2072,,,,,
2101,南港,7.0,6.4,7.5,16
2102,泰豐,4.4,3.7,5.1,16
2103,台橡,7.7,7.2,8.0,16
2104,國際中橡,8.9,8.5,9.2,16
2105,正新,10.5,10.0,10.9,16
2106,建大,11.4,10.8,11.9,16
2107,厚生,7.4,6.8,7.9,16
2108,南帝,20.0,19.4,20.3,16
2109,華豐,5.2,4.3,6.0,16
2114,鑫永銓,13.9,13.2,14.5,15
2115,六暉-KY,4.5,3.7,5.5,9
2201,裕隆,3.2,2.3,4.3,16
2204,中華,8.4,7.4,9.5,16
2206,三陽工業,7.8,7.0,8.5,16
2207,和泰車,15.2,14.6,15.7,16
2208,台船,2.5,1.8,3.2,14
2211,,,,,
2215,,,,,
2218,,,,,
2219,,,,,
2220,,,,,
2221,大甲,1.7,0.2,3.0,15
2222,,,,,
2225,,,,,
2226,,,,,
2227,裕日車,10.4,9.1,11.8,16
2228,劍麟,0.8,0.0,1.7,9
2230,泰茂,0.6,-0.5,1.5,9
2231,為升,25.0,24.3,25.4,13
2233,宇隆,7.5,6.7,8.4,11
2235,謚源,-4.0,-4.5,-3.1,8
2236,百達-KY,-7.8,-8.8,-5.3,7
2237,,,,,
2239,英利-KY,-3.6,-4.4,-1.8,6
2241,艾姆勒,-2.4,-2.6,-1.3,2
2243,宏旭-KY,-17.8,-18.8,-14.8,5
2245,,,,,
2246,,,,,
2247,汎德永業,-5.7,-5.8,-4.9,2
2248,,,,,
2249,,,,,
2301,光寶科,7.4,6.8,8.2,16
2302,麗正,10.5,9.5,11.6,16
2303,聯電,9.8,8.9,10.6,16
2305,全友,4.3,3.3,5.4,16
2308,台達電,12.1,11.6,12.6,16
2311,日月光,10.9,10.1,11.9,13
2312,金寶,2.3,1.5,3.1,16
2313,華通,8.2,6.9,9.7,16
2314,台揚,7.2,6.4,8.4,16
2316,楠梓電,7.7,6.4,9.0,16
2317,鴻海,6.9,6.4,7.8,16
2321,東訊,0.6,-1.8,3.4,16
2323,中環,1.4,0.3,2.6,16
2324,仁寶,3.5,2.9,4.2,16
2325,矽品,6.5,5.9,7.2,13
2327,國巨,29.8,28.5,31.3,16
2328,廣宇,3.3,2.3,4.8,16
2329,華泰,7.3,6.3,8.3,16
2330,台積電,17.6,17.2,18.0,16
2331,精英,8.6,7.3,10.2,16
2332,友訊,2.4,1.6,3.5,16
2337,旺宏,16.0,15.3,16.9,16
2338,光罩,14.2,13.6,15.0,16
2340,光磊,7.6,6.8,8.5,16
2342,茂矽,10.5,8.7,12.7,16
2344,華邦電,8.8,7.4,10.4,16
2345,智邦,22.4,21.5,23.7,16
2347,聯強,7.3,6.9,7.9,16
2348,海悅,22.6,20.1,25.0,16
2349,錸德,2.0,0.6,3.7,16
2351,順德,13.2,12.3,14.0,16
2352,佳世達,5.3,3.6,7.2,16
2353,宏,0.0,-1.2,1.4,16
2354,鴻準,1.5,0.8,2.3,16
2355,敬鵬,5.8,5.1,6.5,16
2356,英業達,7.8,7.1,8.7,16
2357,華碩,14.4,13.7,15.4,16
2358,廷鑫,3.5,2.3,4.7,16
2359,所羅門,7.5,6.8,8.0,16
2360,致茂,15.0,14.4,15.6,16
2362,藍天,7.5,7.1,7.9,16
2363,矽統,3.0,1.7,4.8,16
2364,倫飛,-0.2,-1.7,1.5,16
2364A,,,,,
2365,昆盈,0.7,0.0,1.6,16
2367,燿華,5.5,4.6,6.7,16
2368,金像電,9.7,8.4,11.1,16
2369,菱生,4.3,3.5,5.3,16
2371,大同,6.9,5.8,7.9,16
2373,震旦行,13.7,13.2,13.9,16
2374,佳能,0.5,-0.2,1.4,16
2375,凱美,19.0,17.2,20.6,16
2376,技嘉,12.7,11.8,13.6,16
2377,微星,18.7,18.0,19.4,16
2379,瑞昱,20.4,19.7,21.0,16
2380,虹光,-1.8,-2.9,-0.1,16
2381,華宇,-15.7,-18.3,-10.3,7
2382,廣達,9.2,8.7,9.6,16
2383,台光電,20.6,19.5,21.6,16
2384,勝華,-25.7,-27.7,-20.1,9
2385,群光,13.1,12.6,13.5,16
2387,精元,8.2,7.2,9.3,16
2388,威盛,6.8,5.2,8.7,16
2390,云辰,4.9,3.9,5.7,16
2392,正崴,0.7,-0.1,2.0,16
2393,億光,1.0,0.3,2.2,16
2395,研華,14.3,13.8,15.0,16
2396,精碟科技,-35.5,-37.6,-29.6,6
2397,友通,8.0,7.4,8.6,16
2399,映泰,6.9,5.8,8.0,16
2401,凌陽,3.8,2.5,5.2,16
2402,毅嘉,0.8,-0.4,2.3,16
2404,漢唐,21.7,20.8,22.3,16
2405,浩鑫,1.5,0.3,2.7,16
2406,國碩,7.3,6.1,8.8,16
2408,南亞科,15.1,12.2,18.3,16
2409,友達,0.9,-0.2,2.6,16
2412,中華電,9.3,9.0,9.5,16
2413,環科,6.8,5.8,7.8,16
2414,精技,10.3,9.7,10.7,16
2415,錩新,12.3,11.6,13.0,16
2417,圓剛,5.8,4.6,7.0,16
2419,仲琦,9.4,8.7,10.2,16
2420,新巨,9.2,8.4,9.8,16
2421,建準,11.6,11.1,12.1,16
2423,固緯,8.2,7.6,8.6,16
2424,隴華,5.6,4.9,6.7,16
2425,承啟,13.6,12.6,14.8,16
2426,鼎元,7.2,6.2,8.6,16
2427,三商電,3.5,2.8,4.3,16
2428,興勤,17.1,16.2,17.8,16
2429,銘旺科,13.2,12.2,14.2,16
2430,燦坤,1.9,1.0,3.4,16
2431,聯昌,1.8,0.7,3.1,16
2433,互盛電,14.6,14.2,14.9,16
2434,統懋,6.8,5.1,8.3,16
2436,偉詮電,9.4,8.6,10.3,16
2438,翔耀,5.5,1.7,8.8,16
2439,美律,8.3,7.0,9.7,16
2440,太空梭,8.0,7.3,8.8,16
2441,超豐,10.1,9.6,10.8,16
2442,新美齊,3.3,2.1,4.7,16
2443,億麗,-3.1,-4.2,-1.4,16
2444,兆勁,3.0,1.8,4.3,16
2448,晶電,-0.6,-1.9,0.9,15
2449,京元電子,7.5,6.5,8.9,16
2450,神腦,6.6,6.2,6.9,16
2451,創見,4.8,4.2,5.3,16
2453,凌群,8.2,7.3,8.8,16
2454,聯發科,9.3,8.6,10.3,16
2455,全新,17.5,16.7,18.2,16
2456,奇力新,14.7,13.7,15.6,16
2457,飛宏,5.7,4.9,7.2,16
2458,義隆,19.3,18.7,19.9,16
2459,敦吉,7.3,6.4,8.3,16
2460,建通,9.5,8.7,10.3,16
2461,光群雷,3.7,2.9,4.5,16
2462,良得電,9.1,8.6,9.6,16
2464,盟立,8.7,8.2,9.3,16
2465,麗臺,9.2,7.4,11.3,16
2466,冠西電,3.8,3.4,4.1,16
2467,志聖,12.0,11.3,12.7,16
2468,華經,5.4,4.8,5.9,16
2471,資通,10.3,9.3,11.3,16
2472,立隆電,13.2,12.2,14.7,16
2474,可成,4.7,3.8,5.6,16
2475,華映,-18.6,-20.8,-13.9,14
2476,鉅祥,7.0,6.4,7.7,16
2477,美隆電,8.4,7.4,9.5,16
2478,大毅,11.4,10.4,12.3,16
2480,敦陽科,15.4,14.8,15.8,16
2481,強茂,9.4,8.5,10.6,16
2482,連宇,-1.7,-2.5,-0.8,16
2483,百容,4.8,4.0,5.7,16
2484,希華,4.7,3.7,5.7,16
2485,兆赫,0.2,-0.3,1.1,16
2486,一詮,4.3,3.2,5.5,16
2488,漢平,9.5,8.8,10.1,16
2489,瑞軒,6.7,6.1,7.5,16
2491,吉祥全,17.4,16.6,18.2,16
2492,華新科,18.7,17.0,20.2,16
2493,揚博,12.3,11.5,13.0,16
2495,普安,-1.5,-2.0,-0.5,16
2496,卓越,23.2,22.2,24.6,16
2497,怡利電,5.0,4.0,5.8,16
2498,宏達電,-8.7,-9.3,-7.1,16
2499,東貝,-10.3,-11.2,-8.4,15
2501,國建,5.6,4.7,6.4,16
2504,國產,8.3,7.6,9.1,16
2505,國揚,8.9,7.9,9.9,16
2506,太設,9.3,8.5,9.7,16
2509,全坤建,9.7,9.1,10.3,16
2511,太子,7.1,6.3,7.8,16
2514,龍邦,1.7,0.9,2.5,16
2515,中工,5.1,4.6,5.6,16
2516,新建,2.7,2.2,3.4,16
2520,冠德,12.1,11.3,12.8,16
2524,京城,4.2,3.3,5.2,16
2527,宏璟,11.6,10.9,12.3,16
2528,皇普,22.5,21.6,23.0,16
2530,華建,8.7,7.8,9.3,16
2534,宏盛,5.1,4.4,6.2,16
2535,達欣工,14.6,14.1,15.0,16
2536,宏普,5.2,4.7,5.9,16
2537,聯上發,10.6,10.1,10.9,16
2538,基泰,7.0,6.4,7.5,16
2539,櫻花建,21.4,20.5,22.0,16
2540,愛山林,22.4,21.6,23.3,16
2542,興富發,16.2,15.6,16.7,16
2543,皇昌,0.5,-0.1,1.2,16
2545,皇翔,9.7,9.0,10.6,16
2546,根基,17.9,17.2,18.4,16
2547,日勝生,2.1,1.3,3.0,16
2548,華固,14.0,13.5,14.3,16
2549,,,,,
2557,,,,,
2568,,,,,
2579,,,,,
2580,,,,,
2589,,,,,
2596,綠意,3.8,3.1,4.7,13
2597,潤弘,12.1,11.3,13.0,12
2599,,,,,
2601,益航,3.4,2.9,3.8,16
2603,長榮,6.9,6.1,7.8,16
2605,新興,3.4,3.0,4.1,16
2606,裕民,5.2,4.8,5.7,16
2607,榮運,3.4,2.9,3.9,16
2608,嘉里大榮,11.1,10.7,11.5,16
2609,陽明,7.0,5.7,8.4,16
2610,華航,1.6,0.9,2.7,16
2611,志信,5.3,4.7,5.8,16
2612,中航,7.2,6.8,7.6,16
2613,中櫃,5.5,4.9,6.1,16
2614,東森,7.0,6.1,8.3,16
2615,萬海,10.7,10.1,11.4,16
2616,山隆,10.1,9.7,10.5,16
2617,台航,4.9,4.4,5.4,16
2618,長榮航,2.6,1.9,3.5,16
2619,,,,,
2621,,,,,
2630,亞航,-9.8,-9.9,-6.8,4
2633,台灣高鐵,6.1,5.3,6.7,6
2634,漢翔,1.6,1.1,2.2,8
2636,台驊投控,13.9,13.3,14.3,13
2637,慧洋-KY,5.1,4.8,5.5,12
2640,大車隊,6.8,6.0,7.6,10
2641,正德,2.7,1.5,4.3,8
2642,宅配通,-2.2,-3.1,-0.8,9
2643,捷迅,16.3,15.3,17.2,6
2701,萬企,2.5,2.1,3.0,16
2702,華園,0.7,0.1,1.8,16
2704,國賓,0.8,0.4,1.5,16
2705,六福,1.8,0.9,3.0,16
2706,第一店,2.7,2.3,3.2,16
2707,晶華,11.3,10.9,11.5,16
2711,,,,,
2712,遠雄來,4.4,3.9,5.1,9
2716,,,,,
2718,晶悅,1.0,0.1,2.1,11
2719,燦星旅,-5.2,-7.6,-1.7,10
2721,,,,,
2722,夏都,-0.8,-1.2,0.0,10
2723,美食-KY,-1.4,-2.4,0.3,12
2724,富驛-KY,-11.3,-14.0,-7.9,10
2726,雅茗-KY,13.2,12.5,13.7,8
2727,王品,-2.1,-3.5,-0.1,10
2729,瓦城,2.8,2.3,3.5,10
2730,,,,,
2731,雄獅,3.4,2.5,4.3,9
2732,六角,8.5,7.3,9.7,7
2733,,,,,
2734,易飛網,-2.6,-5.1,-0.2,9
2736,高野,-11.1,-11.9,-8.4,6
2738,,,,,
2739,寒舍,-6.1,-6.9,-4.7,6
2740,天蔥,-9.8,-12.7,-5.6,7
2741,,,,,
2743,山富,34.6,32.6,36.4,2
2745,五福,-0.0,-1.1,2.4,4
2748,雲品,2.1,1.4,2.7,6
2750,,,,,
2751,,,,,
2752,豆府,21.9,21.1,23.0,3
2753,,,,,
2754,亞洲藏壽司,-14.5,-15.0,-13.1,2
2755,揚秦,-6.0,-6.3,-5.2,2
2756,,,,,
2758,,,,,
2759,,,,,
2801,彰銀,4.9,4.4,5.4,16
2807,渣打銀行,24.9,23.9,26.0,2
2809,京城銀,9.4,8.7,10.1,16
2812,台中銀,6.5,6.1,7.1,16
2816,旺旺保,7.5,7.0,8.7,16
2820,華票,7.5,7.0,8.2,16
2823,中壽,9.2,8.7,9.8,16
2832,台產,6.6,6.2,7.0,16
2833,台壽保,2.6,1.4,4.2,10
2834,臺企銀,4.1,3.6,4.7,16
2836,高雄銀,1.1,0.6,1.9,16
2837,凱基銀行,7.0,3.7,11.2,9
2838,聯邦銀,4.5,4.0,5.1,16
2841,台開,0.7,0.1,1.3,16
2845,遠東銀,2.8,2.2,3.9,16
2848,,,,,
2849,安泰銀,3.8,3.4,4.7,16
2850,新產,11.9,11.4,12.3,16
2851,中再保,8.8,8.4,9.3,16
2852,第一保,4.4,3.9,5.0,16
2855,統一證,7.0,6.4,7.7,16
2856,元富證,2.7,2.1,3.7,13
2858,,,,,
2862,,,,,
2863,,,,,
2867,三商壽,-3.2,-3.5,-2.5,10
2872,,,,,
2873,,,,,
2874,,,,,
2876,,,,,
2877,,,,,
2880,華南金,5.0,4.7,5.5,16
2881,富邦金,6.9,6.5,7.5,16
2882,國泰金,2.6,2.1,3.5,16
2883,開發金,3.1,2.6,3.9,16
2884,玉山金,8.5,7.9,9.3,16
2885,元大金,6.0,5.5,6.6,16
2886,兆豐金,6.6,6.0,7.2,16
2887,台新金,3.9,3.1,5.2,16
2888,新光金,-1.3,-2.1,-0.3,16
2889,國票金,7.3,6.7,7.8,16
2890,永豐金,3.8,3.2,4.7,16
2891,中信金,5.1,4.6,5.9,16
2892,第一金,5.8,5.4,6.4,16
2893,,,,,
2894,,,,,
2895,,,,,
2897,王道銀行,-2.7,-2.9,-2.0,5
2899,,,,,
2901,欣欣,4.9,4.4,5.3,16
2903,遠百,5.1,4.6,5.8,16
2904,匯僑,22.5,22.0,22.9,16
2905,三商,10.1,9.6,10.7,16
2906,高林,6.6,6.1,7.0,16
2908,特力,4.6,4.2,5.0,16
2910,統領,1.0,0.5,2.2,16
2911,麗嬰房,-3.8,-4.2,-2.7,16
2912,統一超,11.1,10.7,11.3,16
2913,農林,6.6,6.0,7.1,16
2915,潤泰全,13.7,13.2,14.1,16
2916,滿心,4.5,3.8,5.1,16
2920,,,,,
2923,鼎固-KY,4.4,3.4,5.2,10
2924,東凌-KY,-7.0,-7.3,-6.0,11
2926,誠品生活,-6.1,-6.4,-5.1,9
2928,紅馬-KY,-8.7,-9.8,-7.4,6
2929,淘帝-KY,-21.1,-21.6,-16.9,9
2936,客思達-KY,-4.0,-4.6,-2.3,6
2937,集雅社,10.6,9.4,11.7,5
2938,,,,,
2939,凱羿-KY,-29.4,-30.7,-24.8,4
2940,,,,,
2941,,,,,
2942,,,,,
2945,,,,,
2947,,,,,
2948,,,,,
3002,歐格,2.1,1.4,2.8,16
3003,健和興,10.2,9.4,10.8,16
3004,豐達科,22.9,22.2,23.3,16
3005,神基,11.1,10.0,12.1,16
3006,晶豪科,9.1,7.9,10.3,16
3008,大立光,13.2,12.3,14.2,16
3010,華立,7.2,6.5,8.0,16
3011,今皓,-2.5,-3.9,-0.9,16
3013,晟銘電,1.4,0.8,2.1,16
3014,聯陽,11.2,10.4,12.0,16
3015,全漢,8.4,7.7,9.2,16
3016,嘉晶,8.7,7.5,9.8,16
3017,奇鋐,11.6,10.9,12.4,16
3018,同開,4.9,3.6,7.3,16
3019,亞光,1.4,-0.3,3.1,16
3021,鴻名,18.8,18.3,19.1,16
3022,威強電,9.7,9.1,10.3,16
3023,信邦,20.4,19.4,21.3,16
3024,憶聲,0.9,-0.5,2.7,16
3025,星通,8.2,6.9,9.3,16
3026,禾伸堂,11.1,10.2,12.1,16
3027,盛達,5.4,4.3,6.3,16
3028,增你強,7.0,6.3,7.8,16
3029,零壹,12.2,11.3,13.0,16
3030,德律,11.9,11.3,12.5,16
3031,佰鴻,0.2,-0.7,1.8,16
3032,偉訓,11.5,10.6,12.5,16
3033,威健,8.7,8.1,9.2,16
3034,聯詠,13.6,12.4,15.2,16
3035,智原,3.6,2.7,4.8,16
3036,文曄,13.3,12.7,13.7,16
3037,欣興,8.5,7.3,9.9,16
3038,全台,4.3,2.6,6.2,16
3040,遠見,12.6,11.9,13.3,16
3041,揚智,1.0,-0.2,2.6,16
3042,晶技,13.1,12.5,13.7,16
3043,科風,-4.6,-7.0,-2.0,16
3044,健鼎,7.5,6.6,8.5,16
3045,台灣大,10.7,10.4,10.8,16
3046,建,4.2,2.9,5.8,16
3047,訊舟,4.0,3.4,4.8,16
3048,益登,9.6,8.5,10.9,16
3049,和鑫,1.2,0.0,3.3,16
3050,鈺德,7.2,6.1,8.3,16
3051,力特,-0.1,-3.8,3.1,16
3052,夆典,9.6,8.9,10.3,16
3054,立萬利,8.3,7.6,8.8,16
3055,蔚華科,6.0,5.1,6.9,16
3056,總太,16.7,15.4,17.8,16
3057,喬鼎,-0.6,-1.5,0.6,16
3058,立德,4.2,3.3,5.4,16
3059,華晶科,2.6,1.7,3.8,16
3060,銘異,-2.5,-3.2,-1.4,16
3062,建漢,-0.6,-1.3,0.7,16
3064,泰偉,-2.3,-3.6,-0.6,16
3066,李洲,0.8,-0.5,2.7,16
3067,全域,4.2,3.3,4.9,16
3071,協禧,5.6,4.1,7.1,16
3073,天方能源,3.0,0.2,5.5,15
3078,僑威,10.1,8.7,11.7,16
3081,聯亞,2.0,1.3,3.4,7
3083,網龍,7.2,6.6,7.7,16
3085,新零售,1.5,-0.3,3.9,16
3086,華義,15.5,14.5,17.1,16
3088,艾訊,6.8,6.0,7.7,16
3089,元炬,4.0,2.9,5.3,16
3090,日電貿,11.1,10.2,12.3,15
3092,鴻碩,12.4,10.1,14.4,12
3093,港建,4.3,3.6,5.0,16
3094,聯傑,1.3,-0.4,3.3,15
3095,及成,-7.2,-9.1,-4.8,16
3097,,,,,
3105,穩懋,28.2,27.3,28.7,11
3114,好德,6.6,5.6,7.4,16
3115,寶島極,-0.2,-1.5,1.2,16
3117,,,,,
3118,進階,0.4,-0.6,1.4,14
3122,笙泉,12.4,10.5,14.6,7
3128,昇銳,1.7,0.4,2.9,16
3130,一零四,4.2,3.5,5.1,16
3131,弘塑,16.0,14.9,16.9,11
3138,耀登,123.2,118.9,123.8,2
3141,晶宏,18.4,17.4,19.6,8
3144,新揚科,8.1,5.5,9.8,16
3147,大綜,23.7,22.0,24.8,4
3149,正達,1.2,-1.4,4.7,11
3150,,,,,
3151,,,,,
3152,璟德,18.0,16.9,18.7,14
3157,,,,,
3158,,,,,
3162,精確,6.6,5.6,7.7,16
3163,波若威,6.4,5.6,7.6,10
3164,景岳,1.6,0.8,2.4,14
3167,大量,12.4,11.6,13.1,9
3168,,,,,
3169,亞信,15.3,14.1,16.7,13
3171,新洲,4.9,3.6,6.1,16
3176,基亞,7.5,6.6,8.2,11
3178,公準,36.7,34.9,37.6,4
3184,,,,,
3188,鑫龍騰,-1.0,-2.2,0.3,16
3189,景碩,3.5,2.5,4.7,16
3191,和進,-4.4,-6.0,-2.9,16
3197,,,,,
3202,樺晟,0.6,-1.0,2.3,16
3205,佰研,6.6,5.4,7.5,16
3206,志豐,6.2,4.7,7.6,15
3207,耀勝,0.8,-0.3,2.1,16
3209,全科,10.2,9.6,10.9,15
3211,順達,10.4,9.9,10.9,16
3213,茂訊,5.9,5.2,6.7,16
3217,優群,18.5,17.6,19.4,16
3218,大學光,16.5,15.0,17.4,16
3219,倚強股份,13.5,11.7,15.6,16
3221,台嘉碩,1.7,0.3,3.1,16
3224,三顧,8.7,7.2,10.1,16
3226,至寶電,6.6,5.3,8.3,16
3227,原相,5.9,4.8,7.0,16
3228,金麗科,21.6,20.2,22.3,16
3229,晟鈦,-6.0,-7.5,-4.3,15
3230,錦明,1.3,-0.4,3.0,16
3231,緯創,5.9,5.3,6.9,16
3232,昱捷,2.3,1.3,3.3,16
3234,光環,4.8,3.9,6.3,11
3236,千如,8.3,7.3,9.5,16
3252,海灣,2.6,0.8,7.4,16
3257,虹冠電,11.6,10.3,12.8,11
3259,鑫創,4.9,3.7,6.3,15
3260,威剛,4.6,2.7,7.0,16
3264,欣銓,8.4,7.7,9.3,16
3265,台星科,6.5,5.7,7.5,16
3266,昇陽,-2.5,-3.6,-1.2,15
3268,海德威,2.1,0.0,3.8,16
3272,東碩,-1.6,-3.1,1.7,8
3276,宇環,3.0,1.3,4.9,16
3280,,,,,
3284,太普高,3.7,2.7,4.5,16
3285,微端,5.9,4.9,6.5,10
3287,廣寰科,7.5,6.2,8.7,14
3288,點晶,1.0,-1.3,2.8,16
3289,宜特,3.0,2.1,4.1,16
3290,東浦,4.7,3.8,5.4,16
3293,鈊象,15.7,14.9,16.9,16
3294,英濟,2.1,0.3,3.9,15
3296,勝德,-0.9,-2.4,0.7,15
3297,杭特,-0.2,-1.1,1.1,16
3298,圓創,-34.1,-35.0,-29.9,2
3303,岱稜,-0.4,-2.0,1.5,15
3305,昇貿,3.6,2.5,4.9,15
3306,鼎天,-1.1,-2.2,0.3,16
3308,聯德,-4.4,-6.0,-2.6,14
3310,佳穎,7.6,6.4,9.0,14
3311,閎暉,0.3,-1.0,1.9,16
3312,弘憶股,6.4,5.0,7.7,15
3313,斐成,-4.4,-6.6,-1.9,16
3317,尼克森,2.2,-0.1,4.6,15
3321,同泰,-6.5,-8.0,-3.4,7
3322,建舜電,2.2,0.6,3.9,13
3323,加百裕,4.2,3.0,5.6,15
3324,雙鴻,12.9,10.6,15.7,16
3325,旭品,2.4,1.0,4.0,16
3332,幸康,4.7,4.2,5.1,14
3338,泰碩,10.1,9.3,11.5,9
3339,泰谷,-0.3,-2.8,2.9,16
3342,,,,,
3346,麗清,5.6,4.0,7.8,6
3349,,,,,
3354,律勝,-0.7,-2.4,1.1,16
3356,奇偶,-1.8,-2.3,-0.8,16
3357,,,,,
3360,尚立,2.9,1.5,4.2,16
3362,先進光,9.2,7.7,10.6,16
3363,上詮,-3.1,-4.2,-1.5,11
3369,鐵研,-86.6,-86.6,-73.4,2
3372,典範,3.0,1.6,4.8,16
3373,熱映,13.1,12.3,14.0,15
3374,精材,18.9,16.7,21.4,7
3376,新日興,2.4,1.4,3.7,15
3377,,,,,
3379,彬台,-4.2,-5.6,-2.9,11
3380,明泰,5.5,4.8,6.6,16
3383,新世紀,-5.0,-7.5,-1.7,15
3386,,,,,
3388,崇越電,3.1,2.3,4.0,16
3390,旭軟,1.6,0.6,2.7,16
3391,,,,,
3402,漢科,6.8,5.5,8.2,15
3405,,,,,
3406,玉晶光,7.4,4.3,10.7,16
3413,京鼎,23.1,22.0,24.3,7
3416,融程電,6.8,6.3,7.5,15
3419,譁裕,-0.3,-1.7,1.7,15
3426,台興,-0.1,-0.8,0.9,6
3429,,,,,
3430,,,,,
3431,長天,-12.8,-14.5,-10.5,14
3432,台端,-2.0,-3.3,-0.3,12
3434,哲固,0.9,-0.1,2.0,14
3437,榮創,-3.1,-5.1,0.5,8
3438,類比科,2.3,0.8,4.2,16
3441,聯一光,5.1,3.5,6.7,12
3443,創意,14.3,13.7,14.8,16
3444,利機,9.2,8.5,10.0,14
3447,,,,,
3450,聯鈞,10.4,9.2,11.7,16
3452,益通,-15.8,-16.5,-7.7,15
3454,晶睿,3.7,2.2,5.4,15
3455,由田,7.5,6.4,8.7,15
3462,,,,,
3463,,,,,
3465,進泰電子,21.5,19.5,23.3,14
3466,致振,-4.7,-5.9,-3.0,16
3472,,,,,
3479,安勤,6.4,5.6,7.2,12
3481,群創,-0.1,-1.4,1.8,16
3483,力致,8.6,7.0,10.6,16
3484,崧騰,11.3,10.2,12.3,15
3485,,,,,
3488,,,,,
3489,森寶,-2.6,-4.1,-1.0,15
3490,單井,2.1,1.1,3.3,15
3491,昇達科,5.9,5.1,6.7,14
3492,長盛,1.9,0.8,3.0,7
3494,誠研,-6.6,-7.4,-5.0,15
3498,陽程,0.9,-0.9,3.1,15
3499,環天科,-3.3,-4.8,-1.2,16
3501,維熹,3.7,2.9,4.8,15
3504,揚明光,3.1,1.6,4.4,15
3507,,,,,
3508,位速,-3.6,-4.9,-1.4,15
3509,,,,,
3510,,,,,
3511,矽瑪,3.7,2.6,4.7,13
3512,皇龍,0.3,-2.3,2.2,15
3515,華擎,6.1,4.7,7.6,15
3516,亞帝歐,1.4,-0.3,2.7,15
3518,柏騰,-3.8,-5.4,-1.8,15
3519,綠能,-31.9,-33.9,-22.2,12
3520,華盈,-1.8,-3.3,0.1,15
3521,鴻翊,-3.1,-4.9,-1.2,15
3522,御頂,-3.5,-5.5,-1.3,15
3523,迎輝,-7.0,-8.4,-4.4,15
3525,,,,,
3526,凡甲,13.1,11.7,14.4,15
3527,聚積,1.4,-0.0,3.1,15
3528,安馳,8.2,7.6,8.7,11
3529,力旺,21.6,20.4,22.6,11
3530,晶相光,-2.4,-3.9,0.4,4
3531,先益,1.1,0.1,2.3,14
3532,台勝科,4.0,2.3,5.7,15
3533,嘉澤,20.1,19.2,21.0,15
3535,晶彩科,1.3,-0.0,2.8,14
3536,誠創,-6.5,-8.8,-3.9,14
3537,堡達,8.6,7.6,9.5,12
3539,,,,,
3540,曜越,8.0,6.5,9.5,15
3541,西柏,10.1,9.5,10.7,13
3543,州巧,28.3,26.6,28.9,2
3545,敦泰,8.3,6.6,10.7,15
3546,宇峻,6.6,5.5,8.3,14
3548,兆利,5.5,3.9,7.4,14
3550,聯穎,2.1,1.1,3.2,12
3551,世禾,3.8,3.0,4.7,14
3552,同致,24.2,23.5,24.7,13
3554,,,,,
3555,重鵬,-2.3,-4.3,2.8,11
3556,禾瑞亞,5.8,4.6,7.2,14
3557,嘉威,13.0,10.0,15.9,14
3558,神準,-0.4,-1.2,0.5,9
3562,頂晶科,-2.6,-5.7,1.0,13
3563,牧德,26.8,26.0,27.2,11
3564,其陽,-7.0,-8.0,-5.2,9
3566,,,,,
3567,逸昌,11.1,10.2,12.0,12
3570,大塚,11.9,11.3,12.4,14
3572,,,,,
3573,穎台,-11.9,-12.7,-8.9,8
3576,聯合再生,-3.4,-4.8,-1.2,13
3577,泓格,4.6,3.9,5.2,13
3579,尚志,-24.0,-25.4,-16.8,11
3580,友威科,9.7,7.3,12.4,12
3581,博磊,5.5,3.9,7.1,7
3583,辛耘,3.1,2.3,4.2,9
3585,,,,,
3587,閎康,14.6,14.1,15.2,13
3588,通嘉,2.1,0.5,4.3,13
3591,艾笛森,-4.0,-5.5,-1.7,12
3592,,,,,
3593,力銘,1.2,-0.0,2.9,13
3594,磐儀,0.9,-0.1,2.2,9
3595,,,,,
3596,智易,8.3,7.4,9.7,13
3597,映興,39.7,37.5,41.0,2
3601,,,,,
3603,,,,,
3605,宏致,2.0,1.0,3.8,13
3607,谷崧,-6.0,-6.7,-4.3,13
3609,東林,3.1,1.4,4.3,11
3611,鼎翰,19.8,19.3,20.0,14
3615,安可,-3.6,-4.9,-1.4,13
3617,碩天,1.5,0.3,2.6,13
3622,洋華,-2.5,-4.3,-0.0,13
3623,富晶通,-3.6,-5.5,-1.4,12
3624,光頡,0.1,-1.1,1.6,11
3625,西勝,1.8,0.2,3.6,13
3627,,,,,
3628,盈正,-6.5,-8.1,-4.7,12
3629,地心引力,4.8,0.9,8.2,12
3630,新鉅科,-0.3,-2.3,2.0,12
3631,晟楠,4.6,3.4,6.1,12
3632,研勤,-8.2,-9.0,-6.2,11
3633,,,,,
3637,,,,,
3642,駿熠電,-3.8,-4.8,-2.3,11
3645,達邁,8.4,7.2,9.5,11
3646,艾恩特,2.4,1.1,4.2,10
3648,,,,,
3652,精聯,-0.8,-1.7,0.4,13
3653,健策,11.1,9.7,12.4,13
3656,,,,,
3659,,,,,
3661,世芯-KY,32.6,28.7,35.7,8
3662,樂陞,-7.0,-7.5,-5.1,6
3663,鑫科,2.0,1.3,2.9,10
3664,安瑞-KY,-6.9,-8.6,-4.6,12
3665,貿聯-KY,17.9,16.5,19.0,11
3666,光耀,8.8,6.6,11.9,8
3669,圓展,11.8,10.3,12.9,11
3672,康聯訊,-8.5,-9.9,-5.6,7
3673,TPK-KY,-9.3,-10.7,-7.1,12
3674,,,,,
3675,德微,10.5,9.2,11.6,10
3678,,,,,
3679,新至陞,14.1,13.1,15.0,11
3680,家登,25.9,24.9,26.8,11
3682,亞太電,-4.1,-4.9,-2.5,9
3683,,,,,
3684,榮昌,1.1,0.2,2.2,8
3685,元創精密,0.9,-0.2,2.2,12
3686,達能,-0.3,-3.0,4.6,12
3687,歐買尬,-4.9,-6.2,-2.4,11
3688,,,,,
3689,湧德,-2.5,-3.4,-0.9,10
3690,,,,,
3691,碩禾,0.2,-0.8,2.0,12
3693,營邦,-6.6,-8.2,-4.6,9
3694,海華,0.1,-1.4,1.7,11
3698,隆達,4.2,3.3,5.3,10
3701,大眾控,6.3,5.7,7.7,16
3702,大聯大,13.7,13.2,14.1,16
3703,欣陸,8.1,7.6,8.8,12
3704,合勤控,6.7,5.6,7.9,12
3705,永信,4.2,3.8,4.5,11
3706,神達,10.6,10.0,11.2,9
3707,漢磊,15.9,13.8,17.8,8
3708,上緯投控,2.5,0.3,5.0,6
3709,鑫聯大投控,6.2,5.3,6.8,5
3710,連展投控,5.4,4.2,7.2,5
3711,日月光投控,10.6,9.6,12.0,4
3712,永崴投控,1.5,-0.2,4.9,4
3713,新晶投控,77.1,72.6,79.8,2
3714,富采,-8.2,-8.3,-7.3,1
4102,永日,4.3,3.5,4.8,16
4104,佳醫,2.7,2.2,3.6,15
4105,東洋,12.3,11.8,12.7,16
4106,雃博,6.1,5.6,6.6,16
4107,邦特,18.7,18.2,19.0,16
4108,懷特,-2.7,-3.7,-1.1,15
4109,加捷生醫,2.9,2.2,3.5,16
4111,濟生,4.7,4.1,5.3,16
4113,聯上,11.7,11.0,12.0,16
4114,健喬,8.9,8.4,9.4,16
4115,,,,,
4116,明基醫,-9.7,-10.9,-7.4,7
4117,,,,,
4118,,,,,
4119,旭富,14.7,14.2,14.9,16
4120,友華,8.4,7.9,8.6,16
4121,優盛,2.6,1.5,3.9,16
4123,晟德,18.7,18.2,19.1,16
4126,太醫,15.7,15.2,15.9,16
4127,天良,-3.7,-4.9,-2.4,16
4128,中天,10.1,9.2,11.0,16
4129,聯合,5.7,5.0,6.2,16
4130,健亞,2.8,2.0,3.7,10
4131,晶宇,-4.6,-6.2,-3.2,15
4132,,,,,
4133,亞諾法,-0.5,-1.6,0.7,13
4135,,,,,
4136,,,,,
4137,麗豐-KY,2.3,1.1,4.2,9
4138,曜亞,-1.2,-1.9,-0.4,12
4139,馬光-KY,4.6,3.8,5.4,11
4141,龍燈-KY,-12.8,-13.5,-11.0,10
4142,國光生,5.5,4.3,6.6,10
4144,康聯-KY,0.9,0.6,1.7,10
4147,中裕,-10.0,-10.9,-8.2,7
4148,全宇生技-KY,-10.1,-11.0,-7.4,5
4150,,,,,
4151,,,,,
4152,台微體,-7.4,-8.5,-5.5,10
4153,鈺緯,-1.6,-2.4,-0.6,9
4154,康樂-KY,2.0,1.1,2.8,11
4155,訊映,-0.6,-1.3,0.3,5
4157,太景*-KY,-5.4,-6.8,-2.6,8
4159,,,,,
4160,創源,-3.6,-4.4,-2.4,10
4161,聿新科,-4.7,-5.3,-3.8,9
4162,智擎,-2.2,-3.0,-0.8,10
4163,鐿鈦,1.2,0.4,2.2,10
4164,承業醫,-5.9,-6.6,-4.2,10
4166,,,,,
4167,松瑞藥,3.5,2.4,4.7,7
4168,醣聯,-7.5,-9.1,-4.9,10
4169,,,,,
4170,,,,,
4171,瑞基,14.4,12.3,16.1,8
4172,,,,,
4173,久裕,-4.9,-6.0,-3.3,9
4174,浩鼎,-8.5,-9.8,-5.4,7
4175,杏一,-0.8,-1.4,0.1,8
4177,,,,,
4180,安成藥,-15.3,-16.1,-12.6,7
4183,福永生技,-6.1,-7.6,-4.2,5
4184,,,,,
4186,,,,,
4188,安克,-8.2,-9.1,-5.9,7
4189,,,,,
4190,佐登-KY,-0.3,-1.5,1.4,7
4191,,,,,
4192,杏國,0.8,-0.9,3.1,8
4193,,,,,
4194,,,,,
4195,,,,,
4197,,,,,
4198,欣大健康,-12.4,-15.9,-7.6,8
4205,中華食,16.6,16.3,16.8,16
4207,環泰,5.2,4.6,5.7,16
4303,信立,26.9,26.2,27.5,16
4304,勝昱,-3.9,-5.5,-2.0,16
4305,世坤,10.2,9.5,10.6,15
4306,炎洲,4.1,3.5,4.7,15
4401,東隆興,11.1,10.5,11.5,16
4402,福大,2.6,1.7,4.1,16
4406,新昕纖,1.0,0.3,1.5,15
4413,飛寶企業,16.6,15.7,16.9,15
4414,如興,2.9,1.8,5.2,16
4415,台原藥,-18.8,-21.6,-13.7,11
4416,三圓,4.4,3.8,5.1,15
4417,金洲,13.5,12.9,13.8,16
4419,元勝,2.3,0.4,3.5,16
4420,光明,6.9,6.4,7.2,16
4426,利勤,13.1,12.3,13.8,15
4427,,,,,
4429,聚紡,-0.3,-1.2,0.5,12
4430,耀億,-3.1,-4.0,-2.0,11
4431,,,,,
4432,銘旺實,-3.7,-4.5,-2.7,10
4433,興采,5.8,4.7,6.9,8
4438,廣越,-2.4,-3.2,-1.4,6
4439,冠星-KY,-6.3,-6.7,-4.5,3
4440,,,,,
4502,健信,13.1,11.2,14.3,16
4503,金雨,4.1,2.7,5.5,16
4506,崇友,14.7,14.1,15.1,16
4510,高鋒,3.3,2.3,4.2,16
4513,福裕,0.1,-0.6,0.7,16
4523,永彰,2.3,0.9,3.5,16
4526,東台,-0.8,-1.3,-0.0,16
4527,方土霖,7.9,7.2,8.4,16
4528,江興鍛,12.8,12.2,13.3,16
4529,淳紳,-1.2,-2.1,-0.3,16
4530,宏易,5.0,3.7,6.5,16
4532,瑞智,4.3,3.3,5.7,16
4533,協易機,1.9,1.1,2.4,16
4534,慶騰,3.2,1.8,4.7,16
4535,至興,2.6,2.2,3.1,16
4536,拓凱,4.8,4.0,5.8,9
4537,,,,,
4538,大詠城,2.7,1.9,3.9,3
4539,,,,,
4540,全球傳動,-11.1,-12.5,-8.3,4
4541,晟田,-9.0,-9.9,-7.1,8
4542,科嶠,-4.1,-5.0,-2.0,8
4543,萬在,-8.3,-9.1,-6.8,6
4544,,,,,
4545,銘鈺,-10.9,-12.3,-8.8,6
4546,,,,,
4547,,,,,
4548,,,,,
4549,桓達,2.1,1.4,3.2,8
4550,長佳,4.7,3.8,5.7,7
4551,智伸科,18.0,17.0,19.0,7
4552,力達-KY,-11.0,-11.5,-8.7,6
4553,,,,,
4554,橙的,-8.2,-10.4,-4.3,6
4555,氣立,-1.5,-2.2,-0.6,7
4556,旭然,0.9,0.0,1.5,7
4557,永新-KY,3.1,2.6,3.5,7
4558,,,,,
4559,,,,,
4560,強信-KY,4.9,4.2,5.4,5
4561,健椿,-6.7,-7.8,-3.6,4
4562,穎漢,-7.9,-8.8,-6.4,5
4563,百德,-13.2,-14.2,-11.7,4
4564,元翎,-5.8,-7.0,-4.0,3
4565,,,,,
4566,時碩工業,-1.7,-3.1,0.5,4
4568,科際精密,-1.2,-2.0,0.0,4
4570,,,,,
4571,鈞興-KY,23.4,21.7,26.0,3
4572,駐龍,-9.7,-10.3,-7.6,3
4573,,,,,
4575,,,,,
4576,大銀微系統,23.0,21.5,25.0,3
4577,,,,,
4578,,,,,
4580,捷流閥業,-8.6,-8.6,-6.3,2
4581,光隆精密-KY,-2.8,-3.4,-1.2,2
4582,,,,,
4583,,,,,
4609,唐鋒,1.3,0.6,2.0,16
4702,中美實,7.8,6.7,8.8,16
4706,大恭,7.5,7.0,7.8,16
4707,磐亞,1.4,0.4,2.6,16
4711,永純,6.1,5.6,6.5,16
4712,南璋,1.4,0.7,2.1,16
4714,永捷,6.4,5.6,6.9,16
4716,大立,5.1,4.4,5.7,16
4720,德淵,2.8,2.2,3.5,15
4721,美琪瑪,11.4,10.7,11.9,16
4722,國精化,10.4,9.5,11.1,15
4724,,,,,
4725,信昌化,-4.9,-6.2,-2.4,15
4726,永昕,-4.9,-6.3,-2.2,9
4728,雙美,9.8,8.8,10.7,10
4729,熒茂,-3.5,-4.8,-1.9,13
4730,,,,,
4732,,,,,
4735,豪展,17.9,16.9,18.8,11
4736,泰博,12.9,12.1,13.6,12
4737,華廣,2.1,1.1,3.2,12
4738,,,,,
4739,康普,12.5,11.6,13.0,11
4741,泓瀚,-11.1,-12.0,-9.5,5
4743,合一,28.4,27.2,29.2,11
4744,皇將,-4.8,-5.3,-3.6,4
4745,合富-KY,-4.3,-5.0,-3.1,9
4746,台耀,-1.2,-2.3,0.1,11
4747,強生,-4.3,-4.9,-3.3,9
4752,,,,,
4754,國碳科,1.6,1.0,2.5,6
4755,三福化,11.0,10.1,11.7,9
4757,,,,,
4760,勤凱,56.3,54.3,57.6,3
4763,材料-KY,3.2,2.3,4.3,7
4764,雙鍵,3.0,2.4,3.8,4
4765,,,,,
4766,南寶,16.5,15.6,17.2,4
4767,誠泰科技,10.7,10.0,11.1,4
4768,,,,,
4769,,,,,
4770,,,,,
4803,VHQ-KY,-13.2,-14.0,-11.0,7
4804,大略-KY,-17.6,-19.5,-12.8,7
4806,昇華,-22.7,-23.8,-17.8,6
4807,日成-KY,-13.8,-14.4,-11.4,5
4903,聯光通,3.4,2.7,4.0,16
4904,遠傳,7.0,6.7,7.3,16
4905,台聯電,11.8,11.2,12.2,16
4906,正文,1.9,1.2,3.1,16
4907,富宇,12.3,11.4,13.5,16
4908,前鼎,6.2,5.4,6.9,16
4909,新復興,1.0,0.2,2.3,16
4911,德英,-6.3,-7.3,-5.0,11
4912,聯德控股-KY,19.7,18.6,20.3,11
4915,致伸,10.5,9.8,11.2,10
4916,事欣科,5.4,4.8,6.5,9
4919,新唐,3.3,2.1,4.7,12
4920,,,,,
4923,,,,,
4924,欣厚-KY,1.7,-0.0,4.1,11
4925,,,,,
4927,泰鼎-KY,10.6,9.7,11.2,11
4930,燦星網,4.9,3.5,6.5,12
4931,新盛力,-10.9,-11.5,-9.5,3
4933,友輝,3.1,1.9,4.5,11
4934,太極,6.2,4.6,8.5,11
4935,茂林-KY,7.8,6.5,9.1,11
4938,和碩,8.6,7.9,9.2,12
4939,亞電,5.8,4.6,7.3,11
4942,嘉彰,3.6,3.0,4.8,11
4943,康控-KY,9.5,8.4,10.5,6
4944,兆遠,2.6,-0.3,5.8,11
4945,陞達科技,4.3,4.1,5.2,2
4946,辣椒,-5.8,-7.2,-2.6,11
4947,昂寶-KY,7.0,5.6,8.5,10
4949,,,,,
4950,牧東,1.8,0.5,4.1,10
4951,,,,,
4952,凌通,12.2,11.4,12.8,11
4953,緯軟,16.5,15.2,17.8,8
4956,光鋐,1.4,0.1,3.3,11
4958,臻鼎-KY,11.1,10.4,11.5,11
4960,誠美材,0.9,-0.0,2.3,11
4961,天鈺,67.8,65.3,70.0,4
4966,譜瑞-KY,21.5,20.6,22.3,11
4967,十銓,24.5,23.2,25.9,3
4968,立積,38.2,36.0,40.1,7
4971,IET-KY,-1.7,-2.4,-0.2,9
4972,湯石照明,6.2,5.6,6.8,9
4973,廣穎,3.2,2.3,4.4,10
4974,亞泰,11.9,11.3,12.4,11
4976,佳凌,13.2,11.4,15.0,10
4977,眾達-KY,9.2,8.5,10.4,9
4979,華星光,3.4,2.8,4.5,11
4980,,,,,
4981,,,,,
4985,,,,,
4987,科誠,6.5,5.8,7.1,10
4989,榮科,8.9,7.8,12.1,4
4991,環宇-KY,4.0,3.3,4.9,8
4994,傳奇,7.8,7.4,8.5,11
4995,晶達,7.9,7.0,8.4,10
4999,鑫禾,3.7,3.0,4.9,9
5007,三星,9.6,9.1,10.1,15
5009,榮剛,2.0,1.4,2.8,16
5011,久陽,16.2,14.8,17.7,15
5013,強新,10.9,10.3,11.2,16
5014,建錩,7.6,6.8,8.4,16
5015,華祺,11.3,10.7,11.7,16
5016,松和,8.4,7.9,8.7,16
5102,富強,5.3,4.8,5.6,16
5201,凱衛,5.2,4.0,6.5,16
5202,力新,6.4,5.3,7.5,16
5203,訊連,5.5,5.0,6.0,16
5205,中茂,-1.9,-3.4,-0.6,16
5206,坤悅,12.5,11.2,13.9,16
5209,新鼎,12.7,12.2,13.1,16
5210,寶碩,1.3,0.6,2.0,16
5211,蒙恬,1.7,1.1,2.4,16
5212,凌網,10.0,9.1,10.7,16
5213,亞昕,19.2,18.7,19.5,16
5214,,,,,
5215,科嘉-KY,20.4,19.5,21.1,11
5216,,,,,
5219,,,,,
5220,萬達光電,17.6,16.3,18.5,4
5222,,,,,
5223,安力-KY,27.8,26.1,29.7,4
5225,東科-KY,-5.5,-6.2,-3.9,10
5227,立凱-KY,-16.0,-16.8,-12.1,9
5228,,,,,
5230,雷笛克光學,-2.8,-3.2,-1.6,10
5233,,,,,
5234,達興材料,15.0,14.3,15.6,10
5236,,,,,
5240,,,,,
5243,乙盛-KY,9.6,8.6,10.9,9
5244,,,,,
5245,智晶,-0.7,-1.7,0.7,7
5246,,,,,
5248,,,,,
5251,天鉞電,-5.1,-5.7,-3.8,10
5254,,,,,
5256,,,,,
5258,虹堡,-6.4,-7.8,-4.4,6
5259,奕智博,-11.0,-12.9,-3.8,7
5260,,,,,
5262,,,,,
5263,智崴,9.6,9.0,10.2,10
5264,鎧勝-KY,-1.1,-2.4,0.7,9
5266,F*AS,-7.4,-8.1,-5.2,3
5267,,,,,
5268,,,,,
5269,祥碩,35.0,33.5,36.3,10
5271,,,,,
5272,笙科,2.1,1.1,3.7,9
5274,信驊,31.5,30.8,32.1,9
5276,達輝-KY,-2.4,-3.6,-0.5,8
5277,,,,,
5278,尚凡,7.2,4.2,10.6,9
5281,大峽谷-KY,-4.0,-5.3,-2.2,6
5283,禾聯碩,12.5,12.0,13.5,3
5284,jpp-KY,-2.0,-2.5,-1.0,8
5285,界霖,12.7,11.9,13.5,8
5286,,,,,
5287,數字,4.0,3.2,4.7,8
5288,豐祥-KY,10.7,9.7,11.5,8
5289,宜鼎,17.6,16.9,18.0,9
5291,邑昇,-0.3,-1.6,1.3,8
5292,,,,,
5294,,,,,
5295,,,,,
5297,,,,,
5298,,,,,
5299,杰力,20.9,19.5,22.2,4
5301,寶得利,5.1,3.4,6.5,16
5302,太欣,1.8,0.4,2.9,16
5304,鼎創達,3.7,2.6,4.9,15
5305,敦南,5.9,4.8,7.0,15
5306,桂盟,27.8,27.0,28.8,16
5309,系統電,6.6,5.0,8.5,16
5310,天剛,10.6,9.3,11.9,16
5312,寶島科,9.4,8.9,9.6,16
5314,世紀,-2.0,-3.5,-0.3,16
5315,光聯,5.4,3.1,7.7,16
5317,凱美,14.9,13.9,15.8,14
5321,友銓,12.3,10.6,13.7,16
5324,士開,15.8,15.3,15.9,15
5328,華容,5.7,4.5,6.9,16
5340,建榮,10.9,9.4,12.0,16
5344,立衛,11.7,11.1,11.9,16
5345,天揚,1.0,-0.4,2.8,16
5346,力晶,-42.0,-44.9,-29.6,6
5347,世界,13.9,12.9,15.1,16
5348,系通,0.8,-0.0,1.6,16
5349,先豐,7.2,5.6,8.7,15
5351,鈺創,1.5,0.2,3.6,16
5353,台林,7.8,7.1,8.4,16
5355,佳總,0.2,-0.7,1.3,16
5356,協益,11.6,10.8,12.4,16
5364,力麗店,6.5,1.1,10.2,16
5371,中光電,7.0,6.1,8.1,16
5381,合正,0.5,-1.8,2.9,16
5383,金利,6.2,5.1,7.3,16
5386,青雲,21.7,20.7,22.1,15
5387,茂德科技,-46.2,-47.2,-34.7,5
5388,中磊,8.2,7.4,9.5,15
5392,應華,-0.0,-0.7,0.8,16
5398,慕康生醫,8.7,8.0,9.2,16
5403,中菲,17.0,16.6,17.3,16
5410,國眾,16.7,16.0,17.2,16
5425,台半,11.6,10.8,12.3,16
5426,振發,3.6,3.0,4.0,16
5432,達威,5.2,4.2,7.4,16
5434,崇越,9.3,8.4,10.4,16
5438,東友,1.0,0.4,1.8,16
5439,高技,13.0,12.2,13.9,16
5443,均豪,8.2,6.9,9.6,16
5450,南良,2.7,1.7,3.4,16
5452,佶優,6.7,5.4,8.2,16
5455,昇益,15.2,14.4,15.6,16
5457,宣德,10.9,9.2,12.8,16
5460,同協,1.3,0.6,2.2,16
5464,霖宏,1.9,1.0,2.7,16
5465,富驊,5.6,3.8,7.5,16
5468,凱鈺,11.5,10.6,12.3,16
5469,瀚宇博,9.8,8.9,10.8,16
5471,松翰,9.8,9.1,10.5,16
5474,聰泰,16.7,15.4,18.0,16
5475,德宏,-2.6,-4.5,-0.5,16
5478,智冠,8.6,8.0,9.4,16
5481,新華,-0.6,-1.8,0.6,16
5483,中美晶,10.1,9.2,11.2,16
5484,慧友,1.0,-0.6,2.5,16
5487,通泰,10.9,10.2,11.6,16
5488,松普,-0.1,-1.3,1.1,16
5489,彩富,7.6,7.1,8.0,16
5490,同亨,4.3,3.5,5.3,16
5493,三聯,11.9,11.2,12.3,16
5498,凱崴,3.1,1.3,4.9,16
5508,永信建,10.8,10.2,11.3,16
5511,德昌,15.9,15.4,16.1,16
5512,力麒,5.5,4.7,6.4,16
5514,三豐,11.0,10.5,11.4,16
5515,建國,6.9,6.5,7.3,16
5516,雙喜,2.5,1.6,3.2,16
5519,隆大,7.0,6.2,7.8,15
5520,力泰,11.9,11.5,12.1,16
5521,工信,-0.7,-1.7,0.6,15
5522,遠雄,5.5,4.6,6.8,15
5523,豐謙,4.0,2.8,5.2,16
5525,順天,8.9,8.3,9.6,16
5529,志嘉,4.8,3.9,6.3,16
5530,龍巖,5.8,4.1,7.4,16
5531,鄉林,6.2,5.6,6.9,16
5533,皇鼎,4.5,3.9,5.2,15
5534,長虹,13.1,12.5,13.7,16
5536,聖暉,11.5,10.9,12.1,12
5538,東明-KY,8.3,7.8,8.7,9
5541,,,,,
5543,桓鼎-KY,19.3,17.7,19.9,6
5546,永固-KY,20.0,18.8,20.2,2
5547,,,,,
5601,台聯櫃,6.6,6.2,6.9,16
5603,陸海,6.4,5.7,7.2,16
5604,中連貨,13.8,13.3,14.2,16
5607,遠雄港,3.2,2.4,3.9,16
5608,四維航,2.8,2.1,3.6,16
5609,中菲行,15.2,14.7,15.8,16
5701,劍湖山,-5.8,-6.8,-3.6,16
5703,亞都,2.3,1.7,2.8,16
5704,老爺知,5.2,4.4,5.6,16
5706,鳳凰,4.6,4.0,5.4,15
5820,日盛金,7.1,6.2,8.2,16
5827,,,,,
5828,,,,,
5830,,,,,
5831,,,,,
5833,,,,,
5834,,,,,
5835,,,,,
5836,,,,,
5838,,,,,
5839,,,,,
5839A,,,,,
5840,,,,,
5842,,,,,
5843,,,,,
5844,,,,,
5846,,,,,
5847,,,,,
5848,,,,,
5849,,,,,
5850,,,,,
5852,,,,,
5857,,,,,
5858,,,,,
5859,,,,,
5862,,,,,
5863,,,,,
5864,致和證,15.7,14.6,16.8,4
5865,,,,,
5866,,,,,
5867,,,,,
5868,,,,,
5870,,,,,
5871,中租-KY,24.8,24.2,25.0,11
5872,,,,,
5873,,,,,
5874,,,,,
5875,,,,,
5876,上海商銀,5.4,4.8,6.0,4
5878,台名,7.4,7.0,7.6,8
5880,合庫金,6.5,6.2,6.8,11
5901,,,,,
5902,德記,8.5,7.6,9.3,16
5903,全家,12.0,11.6,12.1,16
5904,寶雅,27.1,26.6,27.4,16
5905,南仁湖,0.6,-0.3,1.8,16
5906,台南-KY,11.6,7.9,15.4,11
5907,大洋-KY,-8.4,-9.2,-6.6,10
6005,群益證,5.2,4.6,6.0,16
6008,凱基證,3.7,2.6,5.5,7
6014,,,,,
6015,宏遠證,4.9,4.1,6.0,16
6016,康和證,5.8,5.1,6.6,16
6020,大展證,3.5,2.9,4.1,16
6021,大慶證,6.8,6.0,7.6,16
6023,元大期,7.9,7.6,8.2,15
6024,群益期,7.1,6.6,7.6,13
6025,,,,,
6026,福邦證,12.5,11.5,13.4,6
6027,,,,,
6028,,,,,
6029,,,,,
6101,寬魚國際,7.1,5.6,9.9,16
6103,合邦,2.0,-1.1,5.2,16
6104,創惟,7.1,6.0,8.7,16
6107,華美,-2.4,-3.6,-1.0,11
6108,競國,3.3,2.4,4.3,15
6109,亞元,2.8,1.7,3.8,16
6111,大宇資,11.8,11.2,12.9,16
6112,聚碩,17.9,17.3,18.3,16
6113,亞矽,3.3,2.2,4.2,16
6114,久威,9.3,7.6,11.2,16
6115,鎰勝,9.1,8.6,9.5,16
6116,彩晶,7.5,5.8,9.5,16
6117,迎廣,1.3,0.5,2.1,16
6118,建達,2.7,1.7,3.6,16
6120,達運,-0.6,-2.1,1.3,16
6121,新普,16.2,15.7,16.6,16
6122,擎邦,3.6,3.0,4.1,16
6123,上奇,14.0,13.3,14.4,16
6124,業強,0.9,-0.1,2.3,16
6125,廣運,3.8,2.7,4.9,16
6126,信音,9.3,8.4,10.1,16
6127,九豪,8.0,7.0,8.8,16
6128,上福,8.4,7.8,8.8,16
6129,普誠,7.0,5.3,8.8,16
6130,星寶國際,16.9,16.4,17.4,14
6131,鈞泰,-6.8,-8.5,-4.7,15
6133,金橋,-0.4,-1.2,0.5,16
6134,萬旭,4.0,2.6,5.4,16
6136,富爾特,8.3,7.9,8.8,16
6138,茂達,13.5,12.5,14.7,16
6139,亞翔,2.3,1.5,3.5,16
6140,訊達,7.1,6.4,7.6,16
6141,柏承,6.1,5.2,7.0,16
6142,友勁,0.8,-0.3,2.4,16
6143,振曜,10.2,9.5,10.9,16
6144,得利影,3.8,3.0,4.6,16
6146,耕興,14.1,13.4,14.5,16
6147,頎邦,6.7,5.2,8.3,16
6148,驊宏資,8.1,6.7,9.3,16
6150,撼訊,15.7,14.1,17.6,16
6151,晉倫,10.5,9.8,11.2,16
6152,百一,-2.2,-3.5,-0.3,15
6153,嘉聯益,4.6,3.3,5.9,15
6154,順發,-0.7,-1.1,0.1,16
6155,鈞寶,4.6,3.9,5.3,16
6156,松上,4.1,1.8,7.5,16
6158,禾昌,5.0,3.9,6.4,16
6160,欣技,-1.6,-2.5,-0.3,16
6161,捷波,7.1,5.9,8.3,16
6163,華電網,6.4,5.8,7.0,16
6164,華興,-0.7,-1.9,0.8,15
6165,捷泰,9.5,7.8,11.3,16
6166,凌華,10.0,9.3,10.5,16
6167,久正,1.9,0.0,3.8,16
6168,宏齊,0.7,-0.4,2.1,16
6169,昱泉,5.1,4.4,6.0,16
6170,統振,2.9,2.0,4.0,16
6171,亞銳士,7.4,6.4,8.0,16
6172,互億,7.5,5.7,9.8,16
6173,信昌電,13.3,12.0,14.4,16
6174,安,6.1,5.0,7.4,16
6175,立敦,11.0,10.0,11.9,16
6176,瑞儀,12.0,11.2,12.9,15
6177,達麗,11.7,10.7,12.5,15
6179,亞通,7.6,6.0,9.1,16
6180,橘子,10.1,9.5,10.7,16
6182,合晶,4.3,3.4,5.8,16
6183,關貿,9.5,8.9,10.0,15
6184,大豐電,8.3,7.9,8.5,16
6185,幃翔,2.2,1.3,3.4,16
6186,新潤,9.0,7.1,11.5,16
6187,萬潤,11.5,10.1,12.6,16
6188,廣明,5.5,4.7,6.4,16
6189,豐藝,8.5,7.8,9.4,16
6190,萬泰科,6.9,6.0,7.8,16
6191,精成科,4.7,3.4,6.4,15
6192,巨路,10.0,9.6,10.4,16
6194,育富,2.9,2.2,4.0,16
6195,詩肯,17.7,17.0,18.1,16
6196,帆宣,13.7,12.7,15.0,16
6197,佳必琪,5.0,4.2,5.8,16
6198,凌泰,6.4,4.8,7.8,16
6199,天品,2.1,0.7,3.8,16
6201,亞弘電,9.7,9.2,10.0,16
6202,盛群,9.5,8.6,10.2,16
6203,海韻電,11.5,10.6,12.3,16
6204,艾華,13.1,12.2,13.9,16
6205,詮欣,3.7,2.5,5.1,15
6206,飛捷,9.3,8.8,9.7,16
6207,雷科,7.7,6.9,8.3,16
6208,日揚,9.0,8.1,9.9,16
6209,今國光,0.5,-1.2,2.4,16
6210,慶生,14.5,13.9,14.8,16
6212,理銘,15.3,14.5,15.9,16
6213,聯茂,15.0,14.0,16.1,15
6214,精誠,9.3,8.5,10.1,15
6215,和椿,1.0,-0.7,2.8,15
6216,居易,5.9,5.2,6.7,16
6217,中探針,9.4,8.2,10.5,16
6218,豪勉,6.7,6.1,7.1,16
6219,富旺,13.2,12.4,14.2,16
6220,岳豐,6.7,5.7,7.6,16
6221,晉泰,20.3,19.7,20.8,16
6222,上揚,3.7,2.4,5.2,16
6223,旺矽,6.0,4.8,7.4,16
6224,聚鼎,10.2,9.1,11.3,15
6225,天瀚,-2.7,-4.6,-0.5,16
6226,光鼎,-0.2,-1.6,1.2,15
6227,茂綸,6.3,5.4,7.3,16
6228,全譜,4.6,3.7,5.3,16
6229,研通,8.6,7.7,9.5,16
6230,超眾,13.4,12.1,15.0,15
6231,系微,6.8,5.8,7.8,16
6233,旺玖,4.1,2.6,6.1,16
6234,高僑,0.5,-1.6,2.0,16
6235,華孚,2.5,0.7,4.6,16
6236,康呈,0.6,-0.5,2.0,16
6237,驊訊,6.5,4.8,8.4,16
6238,勝麗,31.3,29.7,33.4,15
6239,力成,6.1,5.5,7.0,16
6240,松崗,8.1,6.9,9.4,16
6241,易通展,10.3,9.4,10.7,15
6242,立康,13.2,11.8,15.0,16
6243,迅杰,-3.1,-5.0,-0.7,15
6244,茂迪,-1.4,-3.6,1.8,16
6245,立端,9.5,8.4,11.0,16
6246,臺龍,7.9,6.3,9.8,16
6247,淇譽電,-2.8,-3.7,-2.0,16
6248,沛波,4.5,3.0,6.1,16
6251,定穎,3.4,2.4,4.5,13
6257,矽格,10.9,10.1,12.0,16
6259,百徽,6.5,3.9,8.8,16
6261,久元,5.7,5.0,6.4,16
6263,普萊德,8.6,8.0,9.4,16
6264,富裔,-3.4,-5.0,-1.7,16
6265,方土昶,-0.4,-1.3,0.5,16
6266,泰詠,10.6,9.8,11.4,16
6269,台郡,17.3,16.6,18.1,16
6270,倍微,3.6,2.7,4.6,16
6271,同欣電,9.6,8.5,10.7,15
6272,,,,,
6274,台燿,16.2,15.0,17.2,16
6275,元山,6.0,4.8,7.2,16
6276,安鈦克,12.8,11.1,14.1,16
6277,宏正,6.9,6.3,7.5,16
6278,台表科,10.2,9.3,11.5,15
6279,胡連,11.9,11.2,12.3,16
6281,全國電,9.5,9.0,9.9,16
6282,康舒,6.6,5.9,7.4,16
6283,淳安,8.8,6.8,11.1,15
6284,佳邦,6.0,4.5,7.8,16
6285,啟,7.3,6.5,8.2,16
6287,元隆,3.9,2.6,5.6,16
6288,聯嘉,10.2,8.9,12.4,4
6289,華上,-2.9,-5.9,0.1,16
6290,良維,8.6,7.5,9.8,16
6291,沛亨,6.9,4.0,9.8,16
6292,迅德,11.3,10.7,11.8,16
6294,智基,29.9,25.8,32.8,16
6403,,,,,
6404,通訊-KY,-19.1,-22.5,-14.1,8
6405,悅城,-2.8,-4.0,-0.9,9
6407,,,,,
6409,旭隼,28.7,28.0,29.0,8
6411,晶焱,18.6,17.5,20.3,8
6412,群電,10.6,10.0,11.4,9
6414,樺漢,5.5,4.8,6.6,8
6415,矽力-KY,30.4,29.5,30.9,9
6416,瑞祺電通,3.5,2.0,5.7,4
6417,韋僑,10.4,9.7,11.2,7
6418,詠昇,-14.9,-15.3,-12.6,3
6419,京晨科,-7.4,-10.0,-4.9,8
6420,,,,,
6423,,,,,
6425,易發,-6.0,-7.9,-3.4,3
6426,統新,11.9,10.9,13.3,8
6427,,,,,
6428,,,,,
6431,光麗-KY,7.2,5.7,9.1,8
6432,今展科,2.7,1.2,4.7,7
6434,,,,,
6435,大中,28.0,26.9,28.7,6
6438,迅得,14.8,13.7,16.3,5
6441,廣錠,23.6,22.2,24.7,5
6442,光聖,-4.7,-5.4,-3.4,7
6443,元晶,20.6,18.4,23.5,7
6444,,,,,
6445,,,,,
6446,藥華藥,-9.8,-10.8,-7.8,6
6449,鈺邦,8.4,7.4,10.3,8
6451,訊芯-KY,-0.1,-1.5,2.4,7
6452,康友-KY,-12.4,-13.3,-10.4,6
6456,GIS-KY,2.1,0.6,3.6,7
6457,紘康,24.6,23.2,25.7,7
6461,益得,-12.6,-14.5,-10.0,4
6462,神盾,3.5,2.7,5.1,7
6464,台數科,1.1,0.8,1.7,7
6465,威潤,-7.9,-8.4,-6.8,7
6468,,,,,
6469,大樹,18.5,17.6,19.1,6
6470,宇智,5.2,4.4,6.5,7
6472,保瑞,42.2,39.9,43.5,5
6473,,,,,
6474,,,,,
6475,,,,,
6477,安集,21.7,20.3,23.1,6
6479,,,,,
6482,弘煜科,6.1,4.3,7.7,6
6483,,,,,
6484,,,,,
6485,點序,17.6,16.2,19.1,7
6486,互動,19.5,18.5,20.0,6
6488,環球晶,42.6,41.5,43.1,7
6490,,,,,
6491,晶碩,29.3,28.0,32.5,3
6492,生華科,6.3,3.4,9.0,5
6493,,,,,
6494,九齊,25.2,23.9,26.3,6
6495,,,,,
6496,科懋,-12.0,-12.7,-10.1,6
6497,亞獅康-KY,-38.5,-39.6,-27.9,4
6498,,,,,
6499,益安,-11.9,-13.0,-9.6,6
6504,南六,10.3,9.5,10.7,9
6505,台塑化,5.5,5.1,5.8,16
6506,雙邦,3.3,2.3,3.9,11
6508,惠光,6.4,5.8,6.8,16
6509,聚和,7.1,6.5,7.8,16
6510,精測,6.4,5.2,8.2,6
6511,,,,,
6512,啟發電,-9.2,-10.3,-7.5,6
6514,芮特-KY,-2.6,-4.0,-0.3,7
6515,穎崴,-17.6,-18.0,-16.4,1
6516,勤崴國際,6.9,5.0,9.3,3
6517,,,,,
6518,,,,,
6520,,,,,
6523,達爾膚,-5.7,-7.3,-2.7,6
6525,捷敏-KY,13.4,12.7,14.5,6
6527,明達醫,-11.5,-11.8,-9.9,3
6529,,,,,
6530,創威,0.1,-0.7,1.7,4
6531,愛普,49.1,46.1,51.7,6
6532,瑞耘,13.8,12.4,14.5,6
6533,晶心科,27.6,24.5,31.8,5
6534,,,,,
6535,順藥,-6.0,-7.8,-4.3,6
6536,,,,,
6538,倉和,17.1,14.6,19.1,6
6539,,,,,
6541,泰福-KY,2.1,-0.7,5.0,5
6542,隆中,-2.2,-3.4,-0.2,6
6543,,,,,
6545,,,,,
6546,,,,,
6547,高端疫苗,62.3,59.1,63.8,4
6548,長科*,-7.2,-9.1,-3.2,6
6549,,,,,
6550,,,,,
6552,易華電,14.7,13.4,15.8,5
6553,,,,,
6555,,,,,
6556,勝品,1.8,0.7,2.9,5
6558,興能高,7.2,6.3,9.0,4
6559,,,,,
6560,欣普羅,12.8,9.6,15.2,5
6561,是方,13.8,12.3,14.8,4
6562,,,,,
6563,,,,,
6564,,,,,
6565,,,,,
6566,,,,,
6568,宏觀,3.0,2.1,4.3,6
6569,醫揚,3.2,2.3,4.2,6
6570,維田,2.8,2.1,3.4,5
6572,,,,,
6573,虹揚-KY,-10.9,-12.4,-8.9,5
6574,霈方,-11.5,-11.7,-9.9,5
6575,,,,,
6576,逸達,16.1,13.8,17.3,4
6577,勁豐,1.3,0.2,2.4,5
6578,達邦蛋白,-1.1,-2.0,-0.2,4
6579,研揚,-4.5,-4.9,-3.5,5
6580,,,,,
6581,鋼聯,-5.4,-6.1,-3.7,4
6582,申豐,29.1,27.2,29.9,5
6583,,,,,
6584,,,,,
6585,,,,,
6586,,,,,
6587,,,,,
6588,東典光電,-32.0,-32.2,-29.4,2
6589,台康生技,57.5,53.9,59.0,3
6590,普鴻,24.9,23.0,25.5,4
6591,動力-KY,-1.0,-2.3,1.4,5
6592,和潤企業,-0.9,-1.1,0.6,3
6593,台灣銘板,-7.7,-8.3,-6.2,5
6594,展匯科,5.0,2.8,8.1,5
6595,,,,,
6596,寬宏藝術,6.6,5.7,8.0,4
6597,,,,,
6598,ABC-KY,-33.3,-34.3,-30.6,2
6599,,,,,
6603,富強鑫,6.4,5.7,7.0,16
6605,帝寶,-0.2,-0.9,0.8,16
6606,,,,,
6609,瀧澤科,5.3,4.6,5.9,16
6610,,,,,
6611,,,,,
6612,奈米醫材,-3.8,-4.7,-2.0,4
6613,朋億,-0.1,-0.6,0.5,5
6614,,,,,
6615,慧智,-11.3,-12.2,-10.1,4
6616,特昇-KY,5.9,4.4,8.8,4
6617,,,,,
6618,,,,,
6620,,,,,
6621,,,,,
6622,,,,,
6623,,,,,
6624,萬年清,-17.0,-17.3,-15.3,3
6625,必應,-16.6,-16.9,-13.7,4
6626,,,,,
6628,,,,,
6629,泰金-KY,24.1,22.6,24.7,3
6633,,,,,
6634,,,,,
6635,,,,,
6637,,,,,
6638,,,,,
6639,,,,,
6640,均華,21.2,20.4,21.9,4
6641,基士德-KY,0.2,-0.3,1.4,4
6642,富致,33.6,31.6,34.9,3
6643,M31,7.0,6.0,8.5,3
6645,,,,,
6646,,,,,
6647,,,,,
6648,,,,,
6649,台生材,-12.8,-13.7,-9.9,3
6650,,,,,
6651,全宇昕,101.1,94.5,101.6,1
6652,,,,,
6654,天正國際,3.9,3.2,5.5,4
6655,科定,1.4,0.3,2.6,4
6656,,,,,
6657,,,,,
6658,,,,,
6659,,,,,
6660,,,,,
6661,威健生技,-8.7,-8.7,-7.5,1
6662,樂斯科,-10.4,-11.2,-8.7,3
6663,,,,,
6664,群翊,6.3,5.5,7.3,4
6665,,,,,
6666,羅麗芬-KY,-2.0,-2.6,-0.9,4
6667,信紘科,16.3,15.2,17.4,4
6668,中揚光,-6.3,-6.8,-4.2,4
6669,緯穎,31.8,30.1,32.5,3
6670,復盛應用,8.6,7.9,9.3,4
6671,三能-KY,2.8,2.2,3.7,4
6672,騰輝電子-KY,1.6,0.8,3.0,3
6673,,,,,
6674,鋐寶科技,-0.3,-1.1,1.9,4
6676,,,,,
6677,,,,,
6679,鈺太,45.0,42.9,46.5,3
6680,鑫創電子,1.1,0.3,1.9,3
6682,,,,,
6683,雍智科技,35.6,33.5,37.8,3
6684,,,,,
6688,,,,,
6689,,,,,
6690,安硌穈T,0.8,-0.4,1.7,3
6691,,,,,
6692,,,,,
6693,,,,,
6694,,,,,
6695,,,,,
6696,,,,,
6697,東捷資訊,-1.8,-2.5,-0.6,3
6698,旭暉應材,-11.8,-12.3,-9.3,3
6699,,,,,
6703,軒郁,-0.9,-1.3,-0.2,2
6704,,,,,
6705,,,,,
6706,惠特,28.2,26.8,29.9,3
6707,,,,,
6708,,,,,
6709,,,,,
6712,長聖,137.7,129.3,138.7,1
6713,,,,,
6715,嘉基,12.1,11.1,13.2,3
6716,應廣,81.4,77.3,82.0,2
6717,,,,,
6719,,,,,
6720,,,,,
6721,,,,,
6722,,,,,
6723,,,,,
6724,,,,,
6725,,,,,
6726,,,,,
6727,亞泰金屬,-5.1,-5.3,-4.1,2
6728,上洋,12.2,11.2,12.8,2
6729,,,,,
6730,,,,,
6731,,,,,
6732,昇佳電子,3.4,2.6,3.9,2
6733,博晟生醫,-3.7,-4.1,-2.6,1
6734,,,,,
6735,,,,,
6736,,,,,
6737,,,,,
6738,,,,,
6739,,,,,
6740,,,,,
6742,,,,,
6743,安普新,21.4,19.9,21.8,2
6744,,,,,
6746,,,,,
6747,亨泰光,79.9,75.4,80.8,1
6748,,,,,
6749,,,,,
6750,,,,,
6751,智聯服務,-5.3,-5.6,-4.6,2
6752,叡揚,4.4,4.0,4.7,2
6753,,,,,
6754,匯僑設計,-8.3,-8.8,-7.2,2
6755,,,,,
6756,威鋒電子,4.1,3.8,4.7,2
6757,,,,,
6758,,,,,
6760,,,,,
6761,,,,,
6762,達亞,4.5,3.9,4.8,2
6763,,,,,
6764,,,,,
6767,台微醫,-3.7,-3.9,-2.7,1
6770,,,,,
6771,,,,,
6772,,,,,
6775,,,,,
6776,,,,,
6778,,,,,
6779,,,,,
6780,,,,,
6782,,,,,
6784,,,,,
6785,,,,,
6786,,,,,
6787,,,,,
6788,,,,,
6789,,,,,
6790,,,,,
6791,,,,,
6792,,,,,
6793,,,,,
6794,,,,,
6795,,,,,
6796,,,,,
6797,,,,,
6798,,,,,
6799,,,,,
6803,崑鼎,8.9,8.5,9.2,12
6804,,,,,
6805,,,,,
6806,,,,,
6808,,,,,
6810,,,,,
6811,,,,,
6812,,,,,
6813,,,,,
6814,,,,,
6815,,,,,
6816,,,,,
6817,,,,,
6818,,,,,
6819,,,,,
6820,,,,,
6821,,,,,
6822,,,,,
6823,,,,,
6824,,,,,
6825,,,,,
6826,,,,,
6827,,,,,
7402,邑錡,-8.2,-9.0,-6.7,7
7419,,,,,
7427,,,,,
7443,,,,,
7452,,,,,
7507,,,,,
7516,,,,,
7547,,,,,
7551,,,,,
7555,,,,,
7556,意德士,28.0,25.7,28.4,2
7558,,,,,
7561,,,,,
7566,,,,,
7570,,,,,
7575,,,,,
7584,,,,,
7595,,,,,
8011,台通,-3.2,-4.0,-1.6,11
8015,,,,,
8016,矽創,11.2,10.1,12.3,16
8021,尖點,1.0,-0.2,2.4,15
8022,,,,,
8024,佑華,5.4,4.5,6.4,16
8027,鈦昇,15.6,13.4,17.9,7
8028,昇陽半導體,8.8,7.6,10.5,4
8029,,,,,
8032,光菱,3.6,2.6,4.7,16
8033,雷虎,0.4,-1.1,1.8,15
8034,榮群,3.8,2.4,5.1,16
8038,長園科,-6.4,-7.3,-4.4,9
8039,台虹,5.0,3.6,6.6,15
8040,九暘,3.7,1.5,5.7,15
8041,,,,,
8042,金山電,10.9,10.3,11.5,16
8043,蜜望實,4.5,3.5,5.8,16
8044,網家,7.2,6.3,8.2,16
8045,,,,,
8046,南電,9.3,7.6,11.1,16
8047,星雲,1.2,0.4,1.8,16
8048,德勝,8.1,7.2,8.9,13
8049,晶采,7.2,5.5,8.8,16
8050,廣積,4.6,4.1,5.3,16
8053,巨擘,-20.5,-23.0,-15.0,10
8054,安國,3.4,2.4,4.6,16
8059,凱碩,-1.7,-3.6,0.1,12
8064,東捷,-1.5,-2.9,0.5,16
8066,來思達,15.0,11.1,20.0,16
8067,志旭,1.5,0.4,2.6,16
8068,全達,7.5,6.5,8.1,16
8069,元太,9.9,9.1,10.8,16
8070,長華*,-3.2,-4.4,-1.4,15
8071,能率網通,4.1,3.2,5.2,16
8072,陞泰,-2.2,-2.8,-1.5,16
8074,鉅橡,3.7,2.7,4.7,16
8076,伍豐,-2.1,-2.9,-0.7,16
8077,洛,5.1,3.4,7.0,16
8078,華寶,-2.9,-5.3,0.5,9
8080,永利聯合,-0.3,-1.6,1.3,16
8081,致新,5.5,4.3,7.2,15
8083,瑞穎,17.0,16.5,17.3,16
8084,巨虹,10.0,8.5,11.2,16
8085,福華,8.2,7.2,9.2,16
8086,宏捷科,17.8,16.7,18.9,13
8087,華鎂鑫,7.3,6.1,8.3,16
8088,品安,7.6,6.0,9.2,16
8089,康全電訊,-13.1,-13.6,-11.7,2
8091,翔名,10.9,10.2,11.5,16
8092,建暐,-2.1,-3.2,-0.9,16
8093,保銳,1.9,0.5,3.1,16
8096,擎亞,-0.0,-1.6,1.6,16
8097,常珵,2.0,-0.1,4.6,16
8099,大世科,5.2,4.4,6.0,16
8101,華冠,-8.1,-9.5,-5.8,16
8103,瀚荃,3.1,2.4,4.3,15
8104,錸寶,-10.2,-10.7,-6.4,3
8105,凌巨,-0.7,-1.7,0.8,16
8107,大億金茂,2.0,0.6,3.5,16
8109,博大,17.8,17.3,18.0,16
8110,華東,1.1,-0.2,2.8,15
8111,立,2.6,0.6,4.4,16
8112,至上,10.2,8.9,12.1,15
8114,振樺電,4.3,3.5,5.3,15
8115,,,,,
8119,,,,,
8121,越峰,1.2,0.0,2.5,16
8127,,,,,
8131,福懋科,3.9,2.9,5.0,15
8134,,,,,
8140,,,,,
8147,正淩,6.9,5.9,7.6,9
8150,南茂,3.0,2.2,4.1,8
8152,,,,,
8155,博智,18.9,17.7,20.2,10
8163,達方,3.8,2.5,5.4,15
8171,天宇,11.3,9.7,13.5,11
8176,智捷,-3.9,-5.0,-1.8,9
8179,,,,,
8182,加高,4.4,3.5,5.4,16
8183,精星,8.4,6.8,9.8,16
8201,無敵,-5.0,-6.2,-3.4,15
8210,勤誠,12.8,11.7,14.1,15
8213,志超,4.3,3.5,5.4,13
8215,明基材,5.0,3.7,6.4,12
8218,,,,,
8222,寶一,-3.6,-4.4,-2.5,7
8225,,,,,
8227,,,,,
8234,新漢,0.5,-0.5,2.4,15
8240,華宏,-1.1,-2.8,0.7,16
8242,,,,,
8249,菱光,1.6,0.2,3.2,16
8255,朋程,4.0,2.8,5.0,16
8261,富鼎,4.0,2.1,6.3,15
8271,宇瞻,9.0,8.1,9.8,12
8277,商丞,-1.8,-3.9,1.0,16
8279,生展,1.7,0.5,3.3,6
8281,,,,,
8284,三竹,-14.1,-14.3,-12.8,2
8287,英格爾,-15.0,-15.7,-12.1,15
8289,泰藝,2.5,1.4,3.6,14
8291,尚茂,-0.0,-1.4,1.6,11
8298,,,,,
8299,群聯,15.2,14.5,16.1,16
8304,,,,,
8305,,,,,
8307,,,,,
8308,,,,,
8309,,,,,
8310,,,,,
8312,,,,,
8315,,,,,
8323,,,,,
8327,,,,,
8329,,,,,
8330,,,,,
8338,,,,,
8341,日友,21.5,20.5,21.8,7
8342,益張,6.1,5.5,6.7,5
8343,,,,,
8349,矬,12.1,11.6,12.5,16
8350,,,,,
8354,冠好,4.8,4.1,5.4,16
8358,金居,10.9,9.3,12.1,12
8359,,,,,
8360,,,,,
8366,,,,,
8367,建新國際,11.0,10.1,11.9,4
8368,,,,,
8370,,,,,
8374,羅昇,2.5,1.4,3.7,15
8376,,,,,
8379,,,,,
8383,千附,5.8,5.0,6.4,16
8387,,,,,
8390,金益鼎,1.1,-0.1,2.8,14
8391,,,,,
8392,,,,,
8394,,,,,
8399,,,,,
8401,白紗科,1.1,0.2,1.9,12
8403,盛弘,1.2,0.4,2.1,11
8404,百和興業-KY,5.0,4.0,6.1,11
8406,金可-KY,-2.7,-3.3,-1.6,10
8409,商之器,-5.9,-7.4,-4.3,9
8410,森田,2.6,1.1,4.2,11
8411,福貞-KY,-5.1,-5.7,-3.6,11
8415,大國鋼,8.7,8.0,9.1,6
8416,實威,9.7,8.9,10.3,10
8418,捷必勝-KY,-6.9,-7.6,-5.6,11
8420,明揚,8.4,7.6,8.8,8
8421,旭源,-4.6,-5.3,-3.6,10
8422,可寧衛,4.2,3.7,4.7,11
8423,保綠-KY,-3.5,-4.2,-2.3,10
8424,惠普,12.1,11.6,12.3,10
8426,紅木-KY,-4.4,-5.1,-3.1,11
8427,基勝-KY,1.8,1.3,2.6,11
8429,金麗-KY,-12.1,-12.5,-10.0,10
8431,匯鑽科,8.6,6.8,10.2,7
8432,東生華,-1.8,-2.5,-0.8,10
8433,弘帆,7.0,6.4,7.4,10
8435,鉅邁,8.2,7.8,8.4,10
8436,大江,16.0,15.4,17.0,9
8437,大地-KY,8.2,7.5,9.2,7
8438,,,,,
8440,綠電,-6.7,-7.8,-4.7,4
8442,威宏-KY,0.4,-0.1,1.0,6
8443,阿瘦,-10.7,-11.2,-8.8,8
8444,綠河-KY,2.5,1.9,3.7,7
8446,華研,3.1,2.2,4.5,9
8450,霹靂,-15.3,-15.7,-12.8,8
8452,,,,,
8453,,,,,
8454,富邦媒,19.4,18.1,20.1,8
8455,大拓-KY,2.3,1.2,3.3,6
8456,,,,,
8458,,,,,
8459,,,,,
8462,柏文,24.4,23.4,24.8,6
8463,潤泰材,3.8,2.6,5.2,7
8464,億豐,12.4,11.7,13.3,7
8465,,,,,
8466,美吉吉-KY,-5.8,-6.5,-4.6,6
8467,波力-KY,-1.2,-2.4,0.4,7
8469,,,,,
8472,夠麻吉,-0.6,-3.3,2.8,6
8473,山林水,-1.9,-2.4,-1.1,6
8475,,,,,
8476,台境,-13.2,-14.2,-10.4,5
8477,創業家,-8.4,-9.2,-6.6,6
8478,東哥遊艇,0.7,-0.2,3.1,5
8479,,,,,
8480,泰昇-KY,6.0,5.4,6.4,5
8481,政伸,16.4,15.6,17.1,5
8482,商億-KY,-5.2,-5.6,-4.3,4
8486,,,,,
8487,,,,,
8488,吉源-KY,-11.1,-12.1,-9.0,6
8489,三貝德,-10.7,-11.4,-8.8,5
8490,,,,,
8491,,,,,
8492,,,,,
8495,,,,,
8496,,,,,
8497,格威傳媒,14.8,14.0,15.5,3
8499,鼎炫-KY,1.1,0.0,3.3,5
8905,裕國,3.5,2.9,3.9,16
8906,花王,7.1,6.4,7.7,16
8908,欣雄,16.5,15.8,16.7,15
8913,全銓,25.1,24.0,25.4,15
8916,光隆,12.5,11.9,12.8,16
8917,欣泰,8.3,8.0,8.5,15
8921,沈氏,5.7,5.2,6.0,15
8923,時報,4.7,4.3,5.1,15
8924,大田,6.9,5.5,8.2,16
8926,台汽電,11.8,11.3,12.1,16
8927,北基,7.2,6.7,7.7,15
8928,鉅明,8.7,7.7,9.4,16
8929,富堡,8.6,8.0,9.0,15
8930,青鋼,8.4,7.9,8.7,16
8931,大汽電,10.4,9.8,10.7,16
8932,宏大,4.5,3.6,5.3,16
8933,愛地雅,2.3,1.3,3.4,16
8934,衡平,13.4,11.5,14.8,14
8935,邦泰,1.7,0.0,3.3,16
8936,國統,12.5,11.9,13.1,16
8937,合騏,-0.9,-2.0,0.3,16
8938,明安,5.9,5.1,6.7,16
8940,新天地,-2.3,-2.9,-1.4,15
8941,關中,8.8,6.1,11.5,16
8942,森鉅,7.9,7.0,8.7,16
8943,,,,,
8945,,,,,
8946,,,,,
8948,,,,,
8951,,,,,
8952,,,,,
8953,,,,,
8955,,,,,
8956,,,,,
8957,,,,,
8960,,,,,
8962,,,,,
8963,,,,,
8965,,,,,
8966,,,,,
8967,,,,,
8968,,,,,
8969,,,,,
8970,,,,,
8971,,,,,
8973,,,,,
8974,,,,,
8975,,,,,
8976,,,,,
8977,,,,,
8978,,,,,
8980,,,,,
8981,,,,,
8982,,,,,
8983,,,,,
8985,,,,,
8986,,,,,
8987,,,,,
8988,,,,,
8990,,,,,
8991,,,,,
8992,,,,,
8995,,,,,
8996,高力,7.9,7.0,8.5,15
9802,鈺齊-KY,17.3,16.6,17.8,10
9902,台火,2.7,1.9,3.5,16
9904,寶成,6.3,5.9,6.8,16
9905,大華,7.0,6.5,7.3,16
9906,欣巴巴,28.5,27.6,29.7,16
9907,統一實,4.3,3.8,4.7,16
9908,大台北,8.9,8.5,9.1,16
9910,豐泰,19.2,18.6,19.8,16
9911,櫻花,15.5,14.9,16.1,16
9912,偉聯,2.9,2.0,3.9,16
9914,美利達,20.3,19.8,20.5,16
9917,中保科,6.9,6.5,7.2,16
9918,欣天然,6.7,6.4,6.9,16
9919,康那香,7.8,7.1,8.3,16
9921,巨大,12.3,11.8,12.6,16
9924,福興,6.9,6.3,7.8,16
9925,新保,7.3,6.9,7.7,16
9926,新海,12.0,11.7,12.1,16
9927,泰銘,7.0,6.4,7.5,16
9928,中視,-3.5,-4.1,-2.3,16
9929,秋雨,6.8,5.7,7.5,16
9930,中聯資源,8.1,7.7,8.2,16
9931,欣高,10.7,10.3,10.8,16
9933,中鼎,9.6,9.2,9.8,16
9934,成霖,1.2,0.5,2.2,16
9935,慶豐富,13.1,12.6,14.0,16
9937,全國,8.2,7.8,8.5,16
9938,百和,12.9,12.2,13.7,16
9939,宏全,8.7,8.3,9.0,16
9940,信義,7.2,6.7,7.8,16
9941,裕融,14.2,13.7,14.7,16
9942,茂順,9.8,9.4,10.1,16
9943,好樂迪,11.0,10.4,11.6,16
9944,新麗,2.9,2.4,3.5,16
9945,潤泰新,16.6,16.1,16.9,16
9946,三發地產,3.6,2.7,4.8,15
9949,琉園,-1.1,-1.6,-0.3,16
9950,萬國通,2.8,2.4,3.1,16
9951,皇田,11.9,11.0,13.0,16
9955,佳龍,-3.5,-4.5,-2.2,15
9957,,,,,
9958,世紀鋼,16.2,14.6,17.6,14
9960,邁達康,8.3,7.7,8.9,16
9962,有益,1.5,0.7,2.6,16
9963,,,,,
9964,,,,,
9968,,,,,
9971,,,,,
9977,,,,,
9978,,,,,
9982,,,,,
9983,,,,,
9984,,,,,
9985,,,,,
9986,,,,,
